<?xml version="1.0" encoding="UTF-8" standalone="no"?>
<gmd:MD_Metadata xmlns:gmd="http://www.isotc211.org/2005/gmd" xmlns:gco="http://www.isotc211.org/2005/gco" xmlns:gmx="http://www.isotc211.org/2005/gmx" xmlns:xlink="http://www.w3.org/1999/xlink" xmlns:xsi="http://www.w3.org/2001/XMLSchema-instance">
    <gmd:metadataIdentifier>
        <gmd:MD_Identifier>
            <gmd:codeSpace>
                <gco:CharacterString>5e8d8e35-b5a9-3de5-88ed-ee296b423158</gco:CharacterString>
            </gmd:codeSpace>
        </gmd:MD_Identifier>
    </gmd:metadataIdentifier>
    <gmd:parentMetadata>
        <gmd:CI_Citation>
            <gmd:title>
                <gco:CharacterString>Dysbiosis is not present in horses with fecal water syndrome when compared to controls in spring and autumn:</gco:CharacterString>
            </gmd:title>
            <gmd:identifier>
                <gmd:MD_Identifier>
                    <gmd:code>
                        <gco:CharacterString>10.5683/SP2/A5NZZP</gco:CharacterString>
                    </gmd:code>
                    <gmd:code>
                        <gco:CharacterString>doi</gco:CharacterString>
                    </gmd:code>
                </gmd:MD_Identifier>
            </gmd:identifier>
            <gmd:onlineResource>
                <gmd:CI_OnlineResource>
                    <gmd:linkage>
                        <gco:CharacterString>https://doi.org/10.5683/SP2/A5NZZP</gco:CharacterString>
                    </gmd:linkage>
                </gmd:CI_OnlineResource>
            </gmd:onlineResource>
            <gmd:citedResponsibilityParty>
                <gmd:CI_Responsibility>
                    <gmd:party>
                        <gmd:CI_Organisation>
                            <gmd:name>
                                <gco:CharacterString>Scholars Portal Dataverse</gco:CharacterString>
                            </gmd:name>
                        </gmd:CI_Organisation>
                    </gmd:party>
                    <gmd:role>
                        <gmd:CI_RoleCode>publisher</gmd:CI_RoleCode>
                    </gmd:role>
                </gmd:CI_Responsibility>
            </gmd:citedResponsibilityParty>
        </gmd:CI_Citation>
    </gmd:parentMetadata>
    <gmd:identificationInfo>
        <gmd:MD_DataIdentification>
            <gmd:citation>
                <gmd:CI_Citation>
                    <gmd:identifier>
                        <gmd:MD_Identifier>
                            <gmd:code>
                                <gco:CharacterString>https://doi.org/10.5683/SP2/A5NZZP</gco:CharacterString>
                            </gmd:code>
                            <gmd:codeSpace>
                                <gco:CharacterString>doi</gco:CharacterString>
                            </gmd:codeSpace>
                        </gmd:MD_Identifier>
                    </gmd:identifier>
                    <gmd:date>
                        <gmd:CI_Date>
                            <gmd:date>
                                <gco:DateTime>2019-10-30</gco:DateTime>
                            </gmd:date>
                        </gmd:CI_Date>
                        <gmd:CI_Date>
                            <gmd:CI_DateTypeCode>publication</gmd:CI_DateTypeCode>
                        </gmd:CI_Date>
                    </gmd:date>
                    <gmd:title>
                        <gco:CharacterString>Dysbiosis is not present in horses with fecal water syndrome when compared to controls in spring and autumn</gco:CharacterString>
                    </gmd:title>
                    <gmd:citeResponsibleParty>
                        <gmd:CI_Responsibility>
                            <gmd:party>
                                <gmd:CI_Individual>
                                    <gmd:name>
                                        <gco:CharacterString>Schoster, Angelika</gco:CharacterString>
                                    </gmd:name>
                                    <gmd:partyIdentifier>
                                        <gmd:MD_Identifier>
                                            <gmd:codeSpace>
                                                <gco:CharacterString>ORCID</gco:CharacterString>
                                            </gmd:codeSpace>
                                            <gmd:code>
                                                <gco:CharacterString>https://orcid.org/0000-0002-2162-6550</gco:CharacterString>
                                            </gmd:code>
                                        </gmd:MD_Identifier>
                                    </gmd:partyIdentifier>
                                </gmd:CI_Individual>
                            </gmd:party>
                            <gmd:party>
                                <gmd:CI_Organisation>
                                    <gmd:name>
                                        <gco:CharacterString>University of Zurich. Vetsuisse Faculty. Equine Department.</gco:CharacterString>
                                    </gmd:name>
                                </gmd:CI_Organisation>
                            </gmd:party>
                        </gmd:CI_Responsibility>
                        <gmd:CI_Responsibility>
                            <gmd:party>
                                <gmd:CI_Individual>
                                    <gmd:name>
                                        <gco:CharacterString>Weese, J.Scott</gco:CharacterString>
                                    </gmd:name>
                                </gmd:CI_Individual>
                            </gmd:party>
                            <gmd:party>
                                <gmd:CI_Organisation>
                                    <gmd:name>
                                        <gco:CharacterString>Department of Pathobiology. Ontario Veterinary College. University of Guelph.</gco:CharacterString>
                                    </gmd:name>
                                </gmd:CI_Organisation>
                            </gmd:party>
                        </gmd:CI_Responsibility>
                        <gmd:CI_Responsibility>
                            <gmd:party>
                                <gmd:CI_Individual>
                                    <gmd:name>
                                        <gco:CharacterString>Gerber, Vince</gco:CharacterString>
                                    </gmd:name>
                                </gmd:CI_Individual>
                            </gmd:party>
                            <gmd:party>
                                <gmd:CI_Organisation>
                                    <gmd:name>
                                        <gco:CharacterString>University of Berne. Vetsuisse Faculty. Institut Suisse de Médicine Equine.</gco:CharacterString>
                                    </gmd:name>
                                </gmd:CI_Organisation>
                            </gmd:party>
                        </gmd:CI_Responsibility>
                        <gmd:CI_Responsibility>
                            <gmd:party>
                                <gmd:CI_Individual>
                                    <gmd:name>
                                        <gco:CharacterString>Graubner, Claudia</gco:CharacterString>
                                    </gmd:name>
                                </gmd:CI_Individual>
                            </gmd:party>
                            <gmd:party>
                                <gmd:CI_Organisation>
                                    <gmd:name>
                                        <gco:CharacterString>University of Berne. Vetsuisse Faculty. Institut Suisse de Médicine Equine.</gco:CharacterString>
                                    </gmd:name>
                                </gmd:CI_Organisation>
                            </gmd:party>
                        </gmd:CI_Responsibility>
                        <gmd:CI_Responsibility>
                            <gmd:role>
                                <gmd:CI_RoleCode>author</gmd:CI_RoleCode>
                            </gmd:role>
                        </gmd:CI_Responsibility>
                    </gmd:citeResponsibleParty>
                    <gmd:edition>
                        <gco:CharacterString>1:0</gco:CharacterString>
                    </gmd:edition>
                </gmd:CI_Citation>
            </gmd:citation>
            <gmd:resourceConstraints>
                <gmd:MD_LegalConstraints>
                    <gmd:otherConstraints>
                        <gco:CharacterString>NONE</gco:CharacterString>
                    </gmd:otherConstraints>
                </gmd:MD_LegalConstraints>
            </gmd:resourceConstraints>
            <gmd:supplementalInformation>
                <gco:CharacterString>FileTypes: .fastq</gco:CharacterString>
            </gmd:supplementalInformation>
            <gmd:abstract>
                <gco:CharacterString>This study evaluated the fecal bacterial microbiota of horses with fecal water syndrome compared to healthy horses.</gco:CharacterString>
            </gmd:abstract>
            <gmd:topicCategory>
                <gco:CharacterString>Medicine, Health and Life Sciences</gco:CharacterString>
            </gmd:topicCategory>
            <gmd:descriptiveKeywords>
                <gmd:MD_Keywords>
                    <gmd:keyword>
                        <gco:CharacterString>microbiota</gco:CharacterString>
                    </gmd:keyword>
                    <gmd:keyword>
                        <gco:CharacterString>ecology</gco:CharacterString>
                    </gmd:keyword>
                    <gmd:keyword>
                        <gco:CharacterString>horses</gco:CharacterString>
                    </gmd:keyword>
                    <gmd:MD_KeywordTypeCode>
                        <gmd:type>
                            <gmd:MD_KeywordTypeCode>subTopicCategory</gmd:MD_KeywordTypeCode>
                        </gmd:type>
                    </gmd:MD_KeywordTypeCode>
                </gmd:MD_Keywords>
                <gmd:MD_Keywords>
                    <gmd:keyword>
                        <gco:CharacterString>microbiota</gco:CharacterString>
                    </gmd:keyword>
                    <gmd:thesaurusName>
                        <gmd:CI_Citation>
                            <gmd:title>
                                <gco:CharacterString>Medical Subject Headings</gco:CharacterString>
                            </gmd:title>
                        </gmd:CI_Citation>
                    </gmd:thesaurusName>
                    <gmd:keyword>
                        <gco:CharacterString>microbiology</gco:CharacterString>
                    </gmd:keyword>
                    <gmd:thesaurusName>
                        <gmd:CI_Citation>
                            <gmd:title>
                                <gco:CharacterString>Medical Subject Headings</gco:CharacterString>
                            </gmd:title>
                        </gmd:CI_Citation>
                    </gmd:thesaurusName>
                    <gmd:keyword>
                        <gco:CharacterString>gastrointestinal</gco:CharacterString>
                    </gmd:keyword>
                    <gmd:thesaurusName>
                        <gmd:CI_Citation>
                            <gmd:title>
                                <gco:CharacterString>Medical Subject Headings</gco:CharacterString>
                            </gmd:title>
                        </gmd:CI_Citation>
                    </gmd:thesaurusName>
                    <gmd:MD_KeywordTypeCode>subTopicCategory,</gmd:MD_KeywordTypeCode>
                </gmd:MD_Keywords>
            </gmd:descriptiveKeywords>
            <gmd:additionalDocumentation>
                <gmd:CI_Citation>
                    <gmd:otherCitationDetails>
                        <gco:CharacterString>Schoster et al. Journal of Veterinary Internal Medicine. [Under review]</gco:CharacterString>
                    </gmd:otherCitationDetails>
                </gmd:CI_Citation>
            </gmd:additionalDocumentation>
            <gmd:defaultLocale>
                <gmd:PT_Locale>
                    <gmd:defaultLocale>
                        <gco:LanguageCode>English</gco:LanguageCode>
                    </gmd:defaultLocale>
                </gmd:PT_Locale>
            </gmd:defaultLocale>
            <gmd:pointOfContact>
                <gmd:CI_Responsibility>
                    <gmd:party>
                        <gmd:CI_Individual>
                            <gmd:name>
                                <gco:CharacterString>Weese. J. Scott</gco:CharacterString>
                            </gmd:name>
                            <gmd:contactInfo>
                                <gmd:CI_Citation>
                                    <gmd:address>
                                        <gmd:CI_Address>
                                            <gmd:electronicMailAddress>
                                                <gco:CharacterString>jsweese@uoguelph.ca</gco:CharacterString>
                                            </gmd:electronicMailAddress>
                                        </gmd:CI_Address>
                                    </gmd:address>
                                </gmd:CI_Citation>
                            </gmd:contactInfo>
                        </gmd:CI_Individual>
                        <gmd:CI_Organisation>
                            <gmd:name>
                                <gco:CharacterString>Department of Pathobiology. Ontario Veterinary College. University of Guelph.</gco:CharacterString>
                            </gmd:name>
                            <gmd:name>
                                <gco:CharacterString>Scholars Portal Dataverse</gco:CharacterString>
                            </gmd:name>
                        </gmd:CI_Organisation>
                    </gmd:party>
                    <gmd:role>
                        <gmd:CI_RoleCode>pointOfContact</gmd:CI_RoleCode>
                    </gmd:role>
                    <gmd:party>
                        <gmd:CI_Individual>
                            <gmd:name>
                                <gco:CharacterString>Graubner, Claudia</gco:CharacterString>
                            </gmd:name>
                        </gmd:CI_Individual>
                        <gmd:CI_Organisation>
                            <gmd:name>
                                <gco:CharacterString>University of Berne. Vetsuisse Faculty. Institut Suisse de Médicine Equine.</gco:CharacterString>
                            </gmd:name>
                        </gmd:CI_Organisation>
                        <gmd:role>
                            <gmd:CI_RoleCode>custodian</gmd:CI_RoleCode>
                        </gmd:role>
                    </gmd:party>
                </gmd:CI_Responsibility>
            </gmd:pointOfContact>
            <gmd:extent>
                <gmd:EX_extent>
                    <gmd:temporalElement>
                        <gmd:EX_TemporalExtent>
                            <gmd:extent>
                                <gmd:TimePeriod>
                                    <gmd:beginPosition>2013</gmd:beginPosition>
                                    <gmd:endPosition>2014</gmd:endPosition>
                                </gmd:TimePeriod>
                            </gmd:extent>
                            <gmd:description>Time Period Covered</gmd:description>
                            <gmd:extent>
                                <gmd:TimePeriod>
                                    <gmd:beginPosition>2013</gmd:beginPosition>
                                    <gmd:endPosition>2014</gmd:endPosition>
                                </gmd:TimePeriod>
                            </gmd:extent>
                            <gmd:description>Date of Collection</gmd:description>
                        </gmd:EX_TemporalExtent>
                    </gmd:temporalElement>
                </gmd:EX_extent>
            </gmd:extent>
            <gmd:extent>
                <gmd:EX_extent>
                    <gmd:description>
                        <gco:CharacterString>Switzerland</gco:CharacterString>
                    </gmd:description>
                </gmd:EX_extent>
            </gmd:extent>
            <gmd:extent>
                <gmd:EX_extent>
                    <gmd:geographicElement>
                        <gmd:EX_GeographicBoundingBox>
                            <gmd:westBoundLongitude>
                                <gco:Decimal>5.95661377423453</gco:Decimal>
                            </gmd:westBoundLongitude>
                            <gmd:eastBoundLongitude>
                                <gco:Decimal>10.4934735095497</gco:Decimal>
                            </gmd:eastBoundLongitude>
                            <gmd:northBoundLatitude>
                                <gco:Decimal>47.8098679329775</gco:Decimal>
                            </gmd:northBoundLatitude>
                            <gmd:southBoundLatitude>
                                <gco:Decimal>45.8191539516188</gco:Decimal>
                            </gmd:southBoundLatitude>
                        </gmd:EX_GeographicBoundingBox>
                    </gmd:geographicElement>
                </gmd:EX_extent>
            </gmd:extent>
            <gmd:pointOfContact>
                <gmd:CI_Responsibility>
                    <gmd:party>
                        <gmd:CI_Organisation>
                            <gmd:name>
                                <gco:CharacterString>Weese, Scott</gco:CharacterString>
                            </gmd:name>
                        </gmd:CI_Organisation>
                    </gmd:party>
                </gmd:CI_Responsibility>
            </gmd:pointOfContact>
            <gmd:pointOfContact>
                <gmd:CI_Responsibility>
                    <gmd:CI_RoleCode>contributor</gmd:CI_RoleCode>
                </gmd:CI_Responsibility>
            </gmd:pointOfContact>
        </gmd:MD_DataIdentification>
    </gmd:identificationInfo>
    <gmd:distributionInfo>
        <gmd:MD_Distribution>
            <gmd:distributor>
                <gmd:MD_Distributor>
                    <gmd:distributorContact>
                        <gmd:CI_Responsibility>
                            <gmd:party>
                                <gmd:CI_Organisation>
                                    <gmd:name>
                                        <gco:CharacterString>University of Guelph Research Data Repository</gco:CharacterString>
                                    </gmd:name>
                                </gmd:CI_Organisation>
                            </gmd:party>
                            <gmd:role>
                                <gmd:CI_RoleCode>distributor</gmd:CI_RoleCode>
                            </gmd:role>
                        </gmd:CI_Responsibility>
                        <gmd:CI_Responsibility>
                            <gmd:party>
                                <gmd:CI_Organisation>
                                    <gmd:name>
                                        <gco:CharacterString>Weese, Scott</gco:CharacterString>
                                    </gmd:name>
                                </gmd:CI_Organisation>
                            </gmd:party>
                            <gmd:role>
                                <gmd:CI_RoleCode>originator</gmd:CI_RoleCode>
                            </gmd:role>
                        </gmd:CI_Responsibility>
                    </gmd:distributorContact>
                </gmd:MD_Distributor>
            </gmd:distributor>
        </gmd:MD_Distribution>
    </gmd:distributionInfo>
</gmd:MD_Metadata>
