<?xml version="1.0" encoding="UTF-8" standalone="no"?>
<gmd:MD_Metadata xmlns:gmd="http://www.isotc211.org/2005/gmd" xmlns:gco="http://www.isotc211.org/2005/gco" xmlns:gmx="http://www.isotc211.org/2005/gmx" xmlns:xlink="http://www.w3.org/1999/xlink" xmlns:xsi="http://www.w3.org/2001/XMLSchema-instance">
    <gmd:metadataIdentifier>
        <gmd:MD_Identifier>
            <gmd:codeSpace>
                <gco:CharacterString>415aec4e-0dce-3447-835c-eb7e79410178</gco:CharacterString>
            </gmd:codeSpace>
        </gmd:MD_Identifier>
    </gmd:metadataIdentifier>
    <gmd:parentMetadata>
        <gmd:CI_Citation>
            <gmd:title>
                <gco:CharacterString>Kensington Market Project:</gco:CharacterString>
            </gmd:title>
            <gmd:identifier>
                <gmd:MD_Identifier>
                    <gmd:code>
                        <gco:CharacterString>10864/10843</gco:CharacterString>
                    </gmd:code>
                    <gmd:code>
                        <gco:CharacterString>handle</gco:CharacterString>
                    </gmd:code>
                </gmd:MD_Identifier>
            </gmd:identifier>
            <gmd:onlineResource>
                <gmd:CI_OnlineResource>
                    <gmd:linkage>
                        <gco:CharacterString>https://hdl.handle.net/10864/10843</gco:CharacterString>
                    </gmd:linkage>
                </gmd:CI_OnlineResource>
            </gmd:onlineResource>
            <gmd:citedResponsibilityParty>
                <gmd:CI_Responsibility>
                    <gmd:party>
                        <gmd:CI_Organisation>
                            <gmd:name>
                                <gco:CharacterString>Scholars Portal Dataverse</gco:CharacterString>
                            </gmd:name>
                        </gmd:CI_Organisation>
                    </gmd:party>
                    <gmd:role>
                        <gmd:CI_RoleCode>publisher</gmd:CI_RoleCode>
                    </gmd:role>
                </gmd:CI_Responsibility>
            </gmd:citedResponsibilityParty>
        </gmd:CI_Citation>
    </gmd:parentMetadata>
    <gmd:identificationInfo>
        <gmd:MD_DataIdentification>
            <gmd:citation>
                <gmd:CI_Citation>
                    <gmd:identifier>
                        <gmd:MD_Identifier>
                            <gmd:code>
                                <gco:CharacterString>https://hdl.handle.net/10864/10843</gco:CharacterString>
                            </gmd:code>
                            <gmd:codeSpace>
                                <gco:CharacterString>hdl</gco:CharacterString>
                            </gmd:codeSpace>
                        </gmd:MD_Identifier>
                    </gmd:identifier>
                    <gmd:date>
                        <gmd:CI_Date>
                            <gmd:date>
                                <gco:DateTime>2015-02-12</gco:DateTime>
                            </gmd:date>
                        </gmd:CI_Date>
                        <gmd:CI_Date>
                            <gmd:CI_DateTypeCode>publication</gmd:CI_DateTypeCode>
                        </gmd:CI_Date>
                    </gmd:date>
                    <gmd:title>
                        <gco:CharacterString>Kensington Market Project</gco:CharacterString>
                    </gmd:title>
                    <gmd:citeResponsibleParty>
                        <gmd:CI_Responsibility>
                            <gmd:party>
                                <gmd:CI_Individual>
                                    <gmd:name>
                                        <gco:CharacterString>Barker, Joshua</gco:CharacterString>
                                    </gmd:name>
                                </gmd:CI_Individual>
                            </gmd:party>
                            <gmd:party>
                                <gmd:CI_Organisation>
                                    <gmd:name>
                                        <gco:CharacterString>University of Toronto</gco:CharacterString>
                                    </gmd:name>
                                </gmd:CI_Organisation>
                            </gmd:party>
                        </gmd:CI_Responsibility>
                        <gmd:CI_Responsibility>
                            <gmd:role>
                                <gmd:CI_RoleCode>author</gmd:CI_RoleCode>
                            </gmd:role>
                        </gmd:CI_Responsibility>
                    </gmd:citeResponsibleParty>
                    <gmd:edition>
                        <gco:CharacterString>2:0</gco:CharacterString>
                    </gmd:edition>
                </gmd:CI_Citation>
            </gmd:citation>
            <gmd:resourceConstraints>
                <gmd:MD_LegalConstraints>
                    <gmd:otherConstraints>
                        <gco:CharacterString>NONE</gco:CharacterString>
                    </gmd:otherConstraints>
                </gmd:MD_LegalConstraints>
            </gmd:resourceConstraints>
            <gmd:supplementalInformation>
                <gco:CharacterString/>
            </gmd:supplementalInformation>
            <gmd:abstract>
                <gco:CharacterString>The Kensington Market Project is an ethnographic study of Toronto's Kensington Market neighbourhood. It documents the social and cultural life of people living, working, and visiting Kensington Market. Data collected for this project includes field notes, interviews, photographs, ephemera, and archival materials. This is an ongoing longitudinal study started in January 2015.</gco:CharacterString>
            </gmd:abstract>
            <gmd:descriptiveKeywords>
                <gmd:MD_Keywords>
                    <gmd:keyword>
                        <gco:CharacterString>Urban Anthropology</gco:CharacterString>
                    </gmd:keyword>
                    <gmd:thesaurusName>
                        <gmd:CI_Citation>
                            <gmd:title>
                                <gco:CharacterString>Library of Congress</gco:CharacterString>
                            </gmd:title>
                            <gmd:onlineResource>
                                <gco:CharacterString>http://id.loc.gov/authorities/subjects/sh85141305</gco:CharacterString>
                            </gmd:onlineResource>
                        </gmd:CI_Citation>
                    </gmd:thesaurusName>
                    <gmd:MD_KeywordTypeCode>
                        <gmd:type>
                            <gmd:MD_KeywordTypeCode>subTopicCategory</gmd:MD_KeywordTypeCode>
                        </gmd:type>
                    </gmd:MD_KeywordTypeCode>
                </gmd:MD_Keywords>
                <gmd:MD_Keywords>
                    <gmd:keyword>
                        <gco:CharacterString>Ethnology</gco:CharacterString>
                    </gmd:keyword>
                    <gmd:thesaurusName>
                        <gmd:CI_Citation>
                            <gmd:title>
                                <gco:CharacterString>Library of Congress</gco:CharacterString>
                            </gmd:title>
                            <gmd:onlineResource>
                                <gmd:CI_OnlineResource>
                                    <gmd:linkage>
                                        <gco:CharacterString>http://id.loc.gov/authorities/subjects/sh85045198</gco:CharacterString>
                                    </gmd:linkage>
                                </gmd:CI_OnlineResource>
                            </gmd:onlineResource>
                        </gmd:CI_Citation>
                    </gmd:thesaurusName>
                    <gmd:MD_KeywordTypeCode>subTopicCategory,</gmd:MD_KeywordTypeCode>
                </gmd:MD_Keywords>
            </gmd:descriptiveKeywords>
            <gmd:pointOfContact>
                <gmd:CI_Responsibility>
                    <gmd:party>
                        <gmd:CI_Individual>
                            <gmd:name>
                                <gco:CharacterString>Joshua Barker</gco:CharacterString>
                            </gmd:name>
                            <gmd:contactInfo>
                                <gmd:CI_Citation>
                                    <gmd:address>
                                        <gmd:CI_Address>
                                            <gmd:electronicMailAddress>
                                                <gco:CharacterString>j.barker@utoronto.ca</gco:CharacterString>
                                            </gmd:electronicMailAddress>
                                        </gmd:CI_Address>
                                    </gmd:address>
                                </gmd:CI_Citation>
                            </gmd:contactInfo>
                        </gmd:CI_Individual>
                        <gmd:CI_Organisation>
                            <gmd:name>
                                <gco:CharacterString>University of Toronto</gco:CharacterString>
                            </gmd:name>
                            <gmd:name>
                                <gco:CharacterString>Scholars Portal Dataverse</gco:CharacterString>
                            </gmd:name>
                        </gmd:CI_Organisation>
                    </gmd:party>
                    <gmd:role>
                        <gmd:CI_RoleCode>pointOfContact</gmd:CI_RoleCode>
                    </gmd:role>
                    <gmd:party>
                        <gmd:CI_Individual>
                            <gmd:name>
                                <gco:CharacterString>Ethnography Lab</gco:CharacterString>
                            </gmd:name>
                        </gmd:CI_Individual>
                        <gmd:CI_Organisation>
                            <gmd:name>
                                <gco:CharacterString>University of Toronto</gco:CharacterString>
                            </gmd:name>
                            <gmd:contactInfo>
                                <gmd:CI_Citation>
                                    <gmd:onlineResource>
                                        <gmd:CI_OnlineResource>
                                            <gmd:linkage>
                                                <gco:CharacterString>http://ethnographylab.ca</gco:CharacterString>
                                            </gmd:linkage>
                                        </gmd:CI_OnlineResource>
                                    </gmd:onlineResource>
                                </gmd:CI_Citation>
                            </gmd:contactInfo>
                        </gmd:CI_Organisation>
                        <gmd:role>
                            <gmd:CI_RoleCode>custodian</gmd:CI_RoleCode>
                        </gmd:role>
                    </gmd:party>
                </gmd:CI_Responsibility>
            </gmd:pointOfContact>
            <gmd:extent>
                <gmd:EX_extent>
                    <gmd:temporalElement>
                        <gmd:EX_TemporalExtent>
                            <gmd:extent>
                                <gmd:TimePeriod>
                                    <gmd:beginPosition>1800</gmd:beginPosition>
                                    <gmd:endPosition>9999</gmd:endPosition>
                                </gmd:TimePeriod>
                            </gmd:extent>
                            <gmd:description>Time Period Covered</gmd:description>
                            <gmd:extent>
                                <gmd:TimePeriod>
                                    <gmd:beginPosition>2015-01</gmd:beginPosition>
                                    <gmd:endPosition>9999</gmd:endPosition>
                                </gmd:TimePeriod>
                            </gmd:extent>
                            <gmd:description>Date of Collection</gmd:description>
                        </gmd:EX_TemporalExtent>
                    </gmd:temporalElement>
                </gmd:EX_extent>
            </gmd:extent>
            <gmd:extent>
                <gmd:EX_extent>
                    <gmd:description>
                        <gco:CharacterString>Canada</gco:CharacterString>
                    </gmd:description>
                </gmd:EX_extent>
            </gmd:extent>
            <gmd:extent>
                <gmd:EX_extent>
                    <gmd:description>
                        <gco:CharacterString>, Toronto</gco:CharacterString>
                    </gmd:description>
                </gmd:EX_extent>
            </gmd:extent>
            <gmd:extent>
                <gmd:EX_extent>
                    <gmd:description>
                        <gco:CharacterString>Kensington Market Neighbourhood</gco:CharacterString>
                    </gmd:description>
                </gmd:EX_extent>
            </gmd:extent>
            <gmd:extent>
                <gmd:EX_extent>
                    <gmd:geographicElement>
                        <gmd:EX_GeographicBoundingBox>
                            <gmd:westBoundLongitude>
                                <gco:Decimal>-141.0</gco:Decimal>
                            </gmd:westBoundLongitude>
                            <gmd:eastBoundLongitude>
                                <gco:Decimal>-52.636291</gco:Decimal>
                            </gmd:eastBoundLongitude>
                            <gmd:northBoundLatitude>
                                <gco:Decimal>83.110626</gco:Decimal>
                            </gmd:northBoundLatitude>
                            <gmd:southBoundLatitude>
                                <gco:Decimal>41.67598</gco:Decimal>
                            </gmd:southBoundLatitude>
                        </gmd:EX_GeographicBoundingBox>
                    </gmd:geographicElement>
                </gmd:EX_extent>
            </gmd:extent>
        </gmd:MD_DataIdentification>
    </gmd:identificationInfo>
    <gmd:distributionInfo>
        <gmd:MD_Distribution>
            <gmd:distributor>
                <gmd:MD_Distributor>
                    <gmd:distributorContact>
                        <gmd:CI_Responsibility>
                            <gmd:party>
                                <gmd:CI_Organisation>
                                    <gmd:name>
                                        <gco:CharacterString>Ethnography Lab</gco:CharacterString>
                                    </gmd:name>
                                    <gmd:contactInfo>
                                        <gmd:CI_Citation>
                                            <gmd:onlineResource>
                                                <gmd:CI_OnlineResource>
                                                    <gmd:linkage>
                                                        <gco:CharacterString>http://ethnographylab.ca</gco:CharacterString>
                                                    </gmd:linkage>
                                                </gmd:CI_OnlineResource>
                                            </gmd:onlineResource>
                                        </gmd:CI_Citation>
                                    </gmd:contactInfo>
                                </gmd:CI_Organisation>
                            </gmd:party>
                            <gmd:role>
                                <gmd:CI_RoleCode>distributor</gmd:CI_RoleCode>
                            </gmd:role>
                        </gmd:CI_Responsibility>
                    </gmd:distributorContact>
                </gmd:MD_Distributor>
            </gmd:distributor>
        </gmd:MD_Distribution>
    </gmd:distributionInfo>
</gmd:MD_Metadata>
