<?xml version="1.0" encoding="UTF-8" standalone="no"?>
<gmd:MD_Metadata xmlns:gmd="http://www.isotc211.org/2005/gmd" xmlns:gco="http://www.isotc211.org/2005/gco" xmlns:gmx="http://www.isotc211.org/2005/gmx" xmlns:xlink="http://www.w3.org/1999/xlink" xmlns:xsi="http://www.w3.org/2001/XMLSchema-instance">
    <gmd:metadataIdentifier>
        <gmd:MD_Identifier>
            <gmd:codeSpace>
                <gco:CharacterString>2e7d2515-6501-3177-aff0-d0338e36ea7a</gco:CharacterString>
            </gmd:codeSpace>
        </gmd:MD_Identifier>
    </gmd:metadataIdentifier>
    <gmd:parentMetadata>
        <gmd:CI_Citation>
            <gmd:title>
                <gco:CharacterString>Measuring gambling and problem gambling in Ontario 2001 [Canada]:</gco:CharacterString>
            </gmd:title>
            <gmd:identifier>
                <gmd:MD_Identifier>
                    <gmd:code>
                        <gco:CharacterString>10864/10726</gco:CharacterString>
                    </gmd:code>
                    <gmd:code>
                        <gco:CharacterString>handle</gco:CharacterString>
                    </gmd:code>
                </gmd:MD_Identifier>
            </gmd:identifier>
            <gmd:onlineResource>
                <gmd:CI_OnlineResource>
                    <gmd:linkage>
                        <gco:CharacterString>https://hdl.handle.net/10864/10726</gco:CharacterString>
                    </gmd:linkage>
                </gmd:CI_OnlineResource>
            </gmd:onlineResource>
            <gmd:citedResponsibilityParty>
                <gmd:CI_Responsibility>
                    <gmd:party>
                        <gmd:CI_Organisation>
                            <gmd:name>
                                <gco:CharacterString>Scholars Portal Dataverse</gco:CharacterString>
                            </gmd:name>
                        </gmd:CI_Organisation>
                    </gmd:party>
                    <gmd:role>
                        <gmd:CI_RoleCode>publisher</gmd:CI_RoleCode>
                    </gmd:role>
                </gmd:CI_Responsibility>
            </gmd:citedResponsibilityParty>
        </gmd:CI_Citation>
    </gmd:parentMetadata>
    <gmd:identificationInfo>
        <gmd:MD_DataIdentification>
            <gmd:citation>
                <gmd:CI_Citation>
                    <gmd:identifier>
                        <gmd:MD_Identifier>
                            <gmd:code>
                                <gco:CharacterString>https://hdl.handle.net/10864/10726</gco:CharacterString>
                            </gmd:code>
                            <gmd:codeSpace>
                                <gco:CharacterString>hdl</gco:CharacterString>
                            </gmd:codeSpace>
                        </gmd:MD_Identifier>
                    </gmd:identifier>
                    <gmd:date>
                        <gmd:CI_Date>
                            <gmd:date>
                                <gco:DateTime>2014-08-29</gco:DateTime>
                            </gmd:date>
                        </gmd:CI_Date>
                        <gmd:CI_Date>
                            <gmd:CI_DateTypeCode>publication</gmd:CI_DateTypeCode>
                        </gmd:CI_Date>
                    </gmd:date>
                    <gmd:title>
                        <gco:CharacterString>Measuring gambling and problem gambling in Ontario 2001 [Canada]</gco:CharacterString>
                    </gmd:title>
                    <gmd:citeResponsibleParty>
                        <gmd:CI_Responsibility>
                            <gmd:party>
                                <gmd:CI_Individual>
                                    <gmd:name>
                                        <gco:CharacterString>Wiebe, Jamie</gco:CharacterString>
                                    </gmd:name>
                                </gmd:CI_Individual>
                            </gmd:party>
                            <gmd:party>
                                <gmd:CI_Organisation>
                                    <gmd:name>
                                        <gco:CharacterString>Responsible Gambling Council</gco:CharacterString>
                                    </gmd:name>
                                </gmd:CI_Organisation>
                            </gmd:party>
                        </gmd:CI_Responsibility>
                        <gmd:CI_Responsibility>
                            <gmd:party>
                                <gmd:CI_Individual>
                                    <gmd:name>
                                        <gco:CharacterString>Single, Eric</gco:CharacterString>
                                    </gmd:name>
                                </gmd:CI_Individual>
                            </gmd:party>
                            <gmd:party>
                                <gmd:CI_Organisation>
                                    <gmd:name>
                                        <gco:CharacterString>Canadian Centre on Substance Abuse</gco:CharacterString>
                                    </gmd:name>
                                </gmd:CI_Organisation>
                            </gmd:party>
                        </gmd:CI_Responsibility>
                        <gmd:CI_Responsibility>
                            <gmd:party>
                                <gmd:CI_Individual>
                                    <gmd:name>
                                        <gco:CharacterString>Falkowski-Ham, Agata</gco:CharacterString>
                                    </gmd:name>
                                </gmd:CI_Individual>
                            </gmd:party>
                            <gmd:party>
                                <gmd:CI_Organisation>
                                    <gmd:name>
                                        <gco:CharacterString>Responsible Gambling Council</gco:CharacterString>
                                    </gmd:name>
                                </gmd:CI_Organisation>
                            </gmd:party>
                        </gmd:CI_Responsibility>
                        <gmd:CI_Responsibility>
                            <gmd:role>
                                <gmd:CI_RoleCode>author</gmd:CI_RoleCode>
                            </gmd:role>
                        </gmd:CI_Responsibility>
                    </gmd:citeResponsibleParty>
                    <gmd:edition>
                        <gco:CharacterString>7:1</gco:CharacterString>
                    </gmd:edition>
                </gmd:CI_Citation>
            </gmd:citation>
            <gmd:resourceConstraints>
                <gmd:MD_LegalConstraints>
                    <gmd:otherConstraints>
                        <gco:CharacterString>NONE</gco:CharacterString>
                    </gmd:otherConstraints>
                </gmd:MD_LegalConstraints>
            </gmd:resourceConstraints>
            <gmd:supplementalInformation>
                <gco:CharacterString>FileTypes: .pdf</gco:CharacterString>
            </gmd:supplementalInformation>
            <gmd:abstract>
                <gco:CharacterString>The overall goal of this study was to improve the understanding of the extent and nature of gambling among adults in Ontario. The key objectives of the study were: 1) to determine the prevalence of gambling and problem gambling within the population of adults in Ontario, 2) to describe and analyze the characteristics and behaviour of individuals experiencing gambling related problems, 3) to describe and analyze the relationship between problem gambling and substance use, and 4) to offer recommendations that may assist Ontario agencies in targeting and designing treatment, prevention and education programs that aid problem gamblers. This is the CPGI baseline study of the prevalence of gambling and problem gambling in Ontario (N=4,631).</gco:CharacterString>
            </gmd:abstract>
            <gmd:topicCategory>
                <gco:CharacterString>Medicine, Health and Life Sciences</gco:CharacterString>
            </gmd:topicCategory>
            <gmd:topicCategory>
                <gco:CharacterString>Social Sciences</gco:CharacterString>
            </gmd:topicCategory>
            <gmd:descriptiveKeywords>
                <gmd:MD_Keywords>
                    <gmd:keyword>
                        <gco:CharacterString>Canadian Problem Gambling Index</gco:CharacterString>
                    </gmd:keyword>
                    <gmd:keyword>
                        <gco:CharacterString>gambling</gco:CharacterString>
                    </gmd:keyword>
                    <gmd:keyword>
                        <gco:CharacterString>gambling involvement</gco:CharacterString>
                    </gmd:keyword>
                    <gmd:keyword>
                        <gco:CharacterString>older adults</gco:CharacterString>
                    </gmd:keyword>
                    <gmd:keyword>
                        <gco:CharacterString>prevalence</gco:CharacterString>
                    </gmd:keyword>
                    <gmd:keyword>
                        <gco:CharacterString>problem gambling</gco:CharacterString>
                    </gmd:keyword>
                    <gmd:keyword>
                        <gco:CharacterString>problem gambling assessment</gco:CharacterString>
                    </gmd:keyword>
                    <gmd:MD_KeywordTypeCode>
                        <gmd:type>
                            <gmd:MD_KeywordTypeCode>subTopicCategory</gmd:MD_KeywordTypeCode>
                        </gmd:type>
                    </gmd:MD_KeywordTypeCode>
                </gmd:MD_Keywords>
                <gmd:MD_Keywords>
                    <gmd:keyword>
                        <gco:CharacterString>Gambling</gco:CharacterString>
                    </gmd:keyword>
                    <gmd:thesaurusName>
                        <gmd:CI_Citation>
                            <gmd:title>
                                <gco:CharacterString>LOC Subject Headings</gco:CharacterString>
                            </gmd:title>
                            <gmd:onlineResource>
                                <gmd:CI_OnlineResource>
                                    <gmd:linkage>
                                        <gco:CharacterString>http://www.loc.gov/catdir/cpso/lcco/</gco:CharacterString>
                                    </gmd:linkage>
                                </gmd:CI_OnlineResource>
                            </gmd:onlineResource>
                        </gmd:CI_Citation>
                    </gmd:thesaurusName>
                    <gmd:keyword>
                        <gco:CharacterString>Compulsive gambling</gco:CharacterString>
                    </gmd:keyword>
                    <gmd:thesaurusName>
                        <gmd:CI_Citation>
                            <gmd:title>
                                <gco:CharacterString>LOC Subject Headings</gco:CharacterString>
                            </gmd:title>
                            <gmd:onlineResource>
                                <gmd:CI_OnlineResource>
                                    <gmd:linkage>
                                        <gco:CharacterString>http://www.loc.gov/catdir/cpso/lcco/</gco:CharacterString>
                                    </gmd:linkage>
                                </gmd:CI_OnlineResource>
                            </gmd:onlineResource>
                        </gmd:CI_Citation>
                    </gmd:thesaurusName>
                    <gmd:keyword>
                        <gco:CharacterString>Compulsive gamblers</gco:CharacterString>
                    </gmd:keyword>
                    <gmd:thesaurusName>
                        <gmd:CI_Citation>
                            <gmd:title>
                                <gco:CharacterString>LOC Subject Headings</gco:CharacterString>
                            </gmd:title>
                            <gmd:onlineResource>
                                <gmd:CI_OnlineResource>
                                    <gmd:linkage>
                                        <gco:CharacterString>http://www.loc.gov/catdir/cpso/lcco/</gco:CharacterString>
                                    </gmd:linkage>
                                </gmd:CI_OnlineResource>
                            </gmd:onlineResource>
                        </gmd:CI_Citation>
                    </gmd:thesaurusName>
                    <gmd:keyword>
                        <gco:CharacterString>Psychological aspects</gco:CharacterString>
                    </gmd:keyword>
                    <gmd:thesaurusName>
                        <gmd:CI_Citation>
                            <gmd:title>
                                <gco:CharacterString>LOC Subject Headings</gco:CharacterString>
                            </gmd:title>
                            <gmd:onlineResource>
                                <gmd:CI_OnlineResource>
                                    <gmd:linkage>
                                        <gco:CharacterString>http://www.loc.gov/catdir/cpso/lcco/</gco:CharacterString>
                                    </gmd:linkage>
                                </gmd:CI_OnlineResource>
                            </gmd:onlineResource>
                        </gmd:CI_Citation>
                    </gmd:thesaurusName>
                    <gmd:keyword>
                        <gco:CharacterString>Research</gco:CharacterString>
                    </gmd:keyword>
                    <gmd:thesaurusName>
                        <gmd:CI_Citation>
                            <gmd:title>
                                <gco:CharacterString>LOC Subject Headings</gco:CharacterString>
                            </gmd:title>
                            <gmd:onlineResource>
                                <gmd:CI_OnlineResource>
                                    <gmd:linkage>
                                        <gco:CharacterString>http://www.loc.gov/catdir/cpso/lcco/</gco:CharacterString>
                                    </gmd:linkage>
                                </gmd:CI_OnlineResource>
                            </gmd:onlineResource>
                        </gmd:CI_Citation>
                    </gmd:thesaurusName>
                    <gmd:keyword>
                        <gco:CharacterString>Pathological gambling</gco:CharacterString>
                    </gmd:keyword>
                    <gmd:thesaurusName>
                        <gmd:CI_Citation>
                            <gmd:title>
                                <gco:CharacterString>ICD-10</gco:CharacterString>
                            </gmd:title>
                            <gmd:onlineResource>
                                <gmd:CI_OnlineResource>
                                    <gmd:linkage>
                                        <gco:CharacterString>http://apps.who.int/classifications/icd10/browse/2010/en</gco:CharacterString>
                                    </gmd:linkage>
                                </gmd:CI_OnlineResource>
                            </gmd:onlineResource>
                        </gmd:CI_Citation>
                    </gmd:thesaurusName>
                    <gmd:keyword>
                        <gco:CharacterString>Gambling and betting</gco:CharacterString>
                    </gmd:keyword>
                    <gmd:thesaurusName>
                        <gmd:CI_Citation>
                            <gmd:title>
                                <gco:CharacterString>ICD-10</gco:CharacterString>
                            </gmd:title>
                            <gmd:onlineResource>
                                <gmd:CI_OnlineResource>
                                    <gmd:linkage>
                                        <gco:CharacterString>http://apps.who.int/classifications/icd10/browse/2010/en</gco:CharacterString>
                                    </gmd:linkage>
                                </gmd:CI_OnlineResource>
                            </gmd:onlineResource>
                        </gmd:CI_Citation>
                    </gmd:thesaurusName>
                    <gmd:MD_KeywordTypeCode>subTopicCategory,</gmd:MD_KeywordTypeCode>
                </gmd:MD_Keywords>
            </gmd:descriptiveKeywords>
            <gmd:additionalDocumentation>
                <gmd:CI_Citation>
                    <gmd:otherCitationDetails>
                        <gco:CharacterString>Wiebe, J., Single, E., &amp; Falkowski-Ham, A. (2001). Measuring gambling and problem gambling in Ontario. Report to the Ontario Problem Gambling Research Centre. Retrieved from </gco:CharacterString>
                    </gmd:otherCitationDetails>
                    <gmd:identifier>
                        <gmd:MD_Identifier>
                            <gmd:codeSpace>
                                <gco:CharacterString>url</gco:CharacterString>
                            </gmd:codeSpace>
                        </gmd:MD_Identifier>
                    </gmd:identifier>
                    <gmd:otherCitationDetails>
                        <gco:CharacterString>Wiebe, J., Single, E., Falkowski-Ham, A., &amp; Mun, P. (2004). Gambling and problem gambling among older adults in Ontario. Retrieved from </gco:CharacterString>
                    </gmd:otherCitationDetails>
                    <gmd:identifier>
                        <gmd:MD_Identifier>
                            <gmd:codeSpace>
                                <gco:CharacterString>doi</gco:CharacterString>
                            </gmd:codeSpace>
                        </gmd:MD_Identifier>
                    </gmd:identifier>
                </gmd:CI_Citation>
                <gmd:CI_Citation>
                    <gmd:onlineResource>
                        <gmd:CI_OnlineResource>
                            <gmd:linkage>
                                <gco:CharacterString>https://doi.org/10.11575/PRISM/9531</gco:CharacterString>
                            </gmd:linkage>
                        </gmd:CI_OnlineResource>
                    </gmd:onlineResource>
                </gmd:CI_Citation>
            </gmd:additionalDocumentation>
            <gmd:supplementalInformation>
                <gco:CharacterString>Version Date: 2014-07-09Version Text: 1.0</gco:CharacterString>
            </gmd:supplementalInformation>
            <gmd:pointOfContact>
                <gmd:CI_Responsibility>
                    <gmd:party>
                        <gmd:CI_Individual>
                            <gmd:name>
                                <gco:CharacterString> GREO, Evidence Centre</gco:CharacterString>
                            </gmd:name>
                            <gmd:contactInfo>
                                <gmd:CI_Citation>
                                    <gmd:address>
                                        <gmd:CI_Address>
                                            <gmd:electronicMailAddress>
                                                <gco:CharacterString>dataset@greo.ca</gco:CharacterString>
                                            </gmd:electronicMailAddress>
                                        </gmd:CI_Address>
                                    </gmd:address>
                                </gmd:CI_Citation>
                            </gmd:contactInfo>
                        </gmd:CI_Individual>
                        <gmd:CI_Organisation>
                            <gmd:name>
                                <gco:CharacterString>Gambling Research Exchange Ontario</gco:CharacterString>
                            </gmd:name>
                            <gmd:name>
                                <gco:CharacterString>Scholars Portal Dataverse</gco:CharacterString>
                            </gmd:name>
                        </gmd:CI_Organisation>
                    </gmd:party>
                    <gmd:role>
                        <gmd:CI_RoleCode>pointOfContact</gmd:CI_RoleCode>
                    </gmd:role>
                    <gmd:party>
                        <gmd:CI_Individual>
                            <gmd:name>
                                <gco:CharacterString>Falkowski-Ham, Agata</gco:CharacterString>
                            </gmd:name>
                        </gmd:CI_Individual>
                        <gmd:CI_Organisation>
                            <gmd:name>
                                <gco:CharacterString>Responsible Gambling Council</gco:CharacterString>
                            </gmd:name>
                        </gmd:CI_Organisation>
                        <gmd:role>
                            <gmd:CI_RoleCode>custodian</gmd:CI_RoleCode>
                        </gmd:role>
                    </gmd:party>
                </gmd:CI_Responsibility>
            </gmd:pointOfContact>
            <gmd:additionalDocumentation>
                <gmd:CI_Citation>
                    <gmd:series>
                        <gmd:CI_Series>
                            <gmd:name>
                                <gco:CharacterString/>
                            </gmd:name>
                        </gmd:CI_Series>
                    </gmd:series>
                    <gmd:otherCitationDetails>
                        <gco:CharacterString>&lt;p&gt;Wiebe, Jamie; Mun, Phil; Kaufman, Nadine, 2014, "Gambling and problem gambling in Ontario 2005 Canada]", &lt;a href="https://hdl.handle.net/10864/10727"&gt;https://hdl.handle.net/10864/10727&lt;/a&gt;, Scholars Portal Dataverse, V5 &lt;/p&gt;</gco:CharacterString>
                    </gmd:otherCitationDetails>
                </gmd:CI_Citation>
            </gmd:additionalDocumentation>
            <gmd:credit>
                <gco:CharacterString>Ontario Problem Gambling Research Centre: Project No. 024</gco:CharacterString>
            </gmd:credit>
            <gmd:extent>
                <gmd:EX_extent>
                    <gmd:temporalElement>
                        <gmd:EX_TemporalExtent>
                            <gmd:extent>
                                <gmd:TimePeriod>
                                    <gmd:beginPosition>2000-03</gmd:beginPosition>
                                    <gmd:endPosition>2001-05</gmd:endPosition>
                                </gmd:TimePeriod>
                            </gmd:extent>
                            <gmd:description>Time Period Covered</gmd:description>
                            <gmd:extent>
                                <gmd:TimePeriod>
                                    <gmd:beginPosition>2001-03</gmd:beginPosition>
                                    <gmd:endPosition>2001-05</gmd:endPosition>
                                </gmd:TimePeriod>
                            </gmd:extent>
                            <gmd:description>Date of Collection</gmd:description>
                        </gmd:EX_TemporalExtent>
                    </gmd:temporalElement>
                </gmd:EX_extent>
            </gmd:extent>
            <gmd:extent>
                <gmd:EX_extent>
                    <gmd:description>
                        <gco:CharacterString>Canada</gco:CharacterString>
                    </gmd:description>
                </gmd:EX_extent>
            </gmd:extent>
            <gmd:extent>
                <gmd:EX_extent>
                    <gmd:description>
                        <gco:CharacterString>, Canada; Ontario</gco:CharacterString>
                    </gmd:description>
                </gmd:EX_extent>
            </gmd:extent>
            <gmd:extent>
                <gmd:EX_extent>
                    <gmd:description>
                        <gco:CharacterString>Province</gco:CharacterString>
                    </gmd:description>
                </gmd:EX_extent>
            </gmd:extent>
            <gmd:extent>
                <gmd:EX_extent>
                    <gmd:geographicElement>
                        <gmd:EX_GeographicBoundingBox>
                            <gmd:westBoundLongitude>
                                <gco:Decimal>-141.0</gco:Decimal>
                            </gmd:westBoundLongitude>
                            <gmd:eastBoundLongitude>
                                <gco:Decimal>-52.636291</gco:Decimal>
                            </gmd:eastBoundLongitude>
                            <gmd:northBoundLatitude>
                                <gco:Decimal>83.110626</gco:Decimal>
                            </gmd:northBoundLatitude>
                            <gmd:southBoundLatitude>
                                <gco:Decimal>41.67598</gco:Decimal>
                            </gmd:southBoundLatitude>
                        </gmd:EX_GeographicBoundingBox>
                    </gmd:geographicElement>
                </gmd:EX_extent>
            </gmd:extent>
            <gmd:pointOfContact>
                <gmd:CI_Responsibility>
                    <gmd:party>
                        <gmd:CI_Organisation>
                            <gmd:name>
                                <gco:CharacterString>Viewpoints Research Inc.</gco:CharacterString>
                            </gmd:name>
                        </gmd:CI_Organisation>
                    </gmd:party>
                </gmd:CI_Responsibility>
            </gmd:pointOfContact>
            <gmd:pointOfContact>
                <gmd:CI_Responsibility>
                    <gmd:CI_RoleCode>contributor</gmd:CI_RoleCode>
                </gmd:CI_Responsibility>
            </gmd:pointOfContact>
        </gmd:MD_DataIdentification>
    </gmd:identificationInfo>
    <gmd:distributionInfo>
        <gmd:MD_Distribution>
            <gmd:distributor>
                <gmd:MD_Distributor>
                    <gmd:distributorContact>
                        <gmd:CI_Responsibility>
                            <gmd:party>
                                <gmd:CI_Organisation>
                                    <gmd:name>
                                        <gco:CharacterString>Gambling Research Exchange Ontario, </gco:CharacterString>
                                    </gmd:name>
                                    <gmd:contactInfo>
                                        <gmd:CI_Citation>
                                            <gmd:onlineResource>
                                                <gmd:CI_OnlineResource>
                                                    <gmd:linkage>
                                                        <gco:CharacterString>http://www.greo.ca/</gco:CharacterString>
                                                    </gmd:linkage>
                                                </gmd:CI_OnlineResource>
                                            </gmd:onlineResource>
                                        </gmd:CI_Citation>
                                    </gmd:contactInfo>
                                    <gmd:logo>
                                        <gmd:MD_BrowseGraphic>
                                            <gmd:linkage>
                                                <gmd:CI_OnlineResource>
                                                    <gmd:linkage>
                                                        <gco:CharacterString>http://greo.ca/sites/all/themes/opgrc_phase2/logo.png</gco:CharacterString>
                                                    </gmd:linkage>
                                                </gmd:CI_OnlineResource>
                                            </gmd:linkage>
                                        </gmd:MD_BrowseGraphic>
                                    </gmd:logo>
                                </gmd:CI_Organisation>
                            </gmd:party>
                            <gmd:role>
                                <gmd:CI_RoleCode>distributor</gmd:CI_RoleCode>
                            </gmd:role>
                        </gmd:CI_Responsibility>
                        <gmd:CI_Responsibility>
                            <gmd:party>
                                <gmd:CI_Organisation>
                                    <gmd:name>
                                        <gco:CharacterString>Wiebe, Jamie; Single, Eric; Falkowski-Ham, Agata</gco:CharacterString>
                                    </gmd:name>
                                </gmd:CI_Organisation>
                            </gmd:party>
                            <gmd:role>
                                <gmd:CI_RoleCode>originator</gmd:CI_RoleCode>
                            </gmd:role>
                        </gmd:CI_Responsibility>
                    </gmd:distributorContact>
                </gmd:MD_Distributor>
            </gmd:distributor>
        </gmd:MD_Distribution>
    </gmd:distributionInfo>
</gmd:MD_Metadata>
