<?xml version="1.0" encoding="UTF-8" standalone="no"?>
<gmd:MD_Metadata xmlns:gmd="http://www.isotc211.org/2005/gmd" xmlns:gco="http://www.isotc211.org/2005/gco" xmlns:gmx="http://www.isotc211.org/2005/gmx" xmlns:xlink="http://www.w3.org/1999/xlink" xmlns:xsi="http://www.w3.org/2001/XMLSchema-instance">
    <gmd:metadataIdentifier>
        <gmd:MD_Identifier>
            <gmd:codeSpace>
                <gco:CharacterString>01b8a8b0-774d-3420-b4ea-9a891cf50fdf</gco:CharacterString>
            </gmd:codeSpace>
        </gmd:MD_Identifier>
    </gmd:metadataIdentifier>
    <gmd:parentMetadata>
        <gmd:CI_Citation>
            <gmd:title>
                <gco:CharacterString>National Graduates Survey, 2000 [Canada]: Follow Up [Excel]:</gco:CharacterString>
            </gmd:title>
            <gmd:identifier>
                <gmd:MD_Identifier>
                    <gmd:code>
                        <gco:CharacterString>10864/11370</gco:CharacterString>
                    </gmd:code>
                    <gmd:code>
                        <gco:CharacterString>handle</gco:CharacterString>
                    </gmd:code>
                </gmd:MD_Identifier>
            </gmd:identifier>
            <gmd:onlineResource>
                <gmd:CI_OnlineResource>
                    <gmd:linkage>
                        <gco:CharacterString>https://hdl.handle.net/10864/11370</gco:CharacterString>
                    </gmd:linkage>
                </gmd:CI_OnlineResource>
            </gmd:onlineResource>
            <gmd:citedResponsibilityParty>
                <gmd:CI_Responsibility>
                    <gmd:party>
                        <gmd:CI_Organisation>
                            <gmd:name>
                                <gco:CharacterString>Scholars Portal Dataverse</gco:CharacterString>
                            </gmd:name>
                        </gmd:CI_Organisation>
                    </gmd:party>
                    <gmd:role>
                        <gmd:CI_RoleCode>publisher</gmd:CI_RoleCode>
                    </gmd:role>
                </gmd:CI_Responsibility>
            </gmd:citedResponsibilityParty>
        </gmd:CI_Citation>
    </gmd:parentMetadata>
    <gmd:identificationInfo>
        <gmd:MD_DataIdentification>
            <gmd:citation>
                <gmd:CI_Citation>
                    <gmd:identifier>
                        <gmd:MD_Identifier>
                            <gmd:code>
                                <gco:CharacterString>https://hdl.handle.net/10864/11370</gco:CharacterString>
                            </gmd:code>
                            <gmd:codeSpace>
                                <gco:CharacterString>hdl</gco:CharacterString>
                            </gmd:codeSpace>
                        </gmd:MD_Identifier>
                    </gmd:identifier>
                    <gmd:date>
                        <gmd:CI_Date>
                            <gmd:date>
                                <gco:DateTime>2016-12-12</gco:DateTime>
                            </gmd:date>
                        </gmd:CI_Date>
                        <gmd:CI_Date>
                            <gmd:CI_DateTypeCode>publication</gmd:CI_DateTypeCode>
                        </gmd:CI_Date>
                    </gmd:date>
                    <gmd:title>
                        <gco:CharacterString>National Graduates Survey, 2000 [Canada]: Follow Up [Excel]</gco:CharacterString>
                    </gmd:title>
                    <gmd:identifier>
                        <gmd:MD_Identifier>
                            <gmd:authority>
                                <gmd:CI_Citation>
                                    <gmd:citedResponsibility>
                                        <gmd:CI_Responsibility>
                                            <gmd:party>
                                                <gmd:CI_Organisation>
                                                    <gmd:name>
                                                        <gco:CharacterString>&lt;odesi&gt;</gco:CharacterString>
                                                    </gmd:name>
                                                    <gmd:partyIdentifier>
                                                        <gmd:MD_Identifier>
                                                            <gmd:code>
                                                                <gco:CharacterString>ngs-81M0011-XCB-E-2000-excel-tables</gco:CharacterString>
                                                            </gmd:code>
                                                        </gmd:MD_Identifier>
                                                    </gmd:partyIdentifier>
                                                </gmd:CI_Organisation>
                                            </gmd:party>
                                            <gmd:role>
                                                <gmd:CI_RoleCode>resourceProvider</gmd:CI_RoleCode>
                                            </gmd:role>
                                        </gmd:CI_Responsibility>
                                    </gmd:citedResponsibility>
                                </gmd:CI_Citation>
                            </gmd:authority>
                        </gmd:MD_Identifier>
                    </gmd:identifier>
                    <gmd:citeResponsibleParty>
                        <gmd:CI_Responsibility>
                            <gmd:party>
                                <gmd:CI_Individual>
                                    <gmd:name>
                                        <gco:CharacterString>Statistics Canada</gco:CharacterString>
                                    </gmd:name>
                                </gmd:CI_Individual>
                            </gmd:party>
                        </gmd:CI_Responsibility>
                        <gmd:CI_Responsibility>
                            <gmd:role>
                                <gmd:CI_RoleCode>author</gmd:CI_RoleCode>
                            </gmd:role>
                        </gmd:CI_Responsibility>
                    </gmd:citeResponsibleParty>
                    <gmd:edition>
                        <gco:CharacterString>1:0</gco:CharacterString>
                    </gmd:edition>
                </gmd:CI_Citation>
            </gmd:citation>
            <gmd:resourceConstraints>
                <gmd:MD_LegalConstraints>
                    <gmd:otherConstraints>
                        <gco:CharacterString>NONE</gco:CharacterString>
                    </gmd:otherConstraints>
                </gmd:MD_LegalConstraints>
            </gmd:resourceConstraints>
            <gmd:supplementalInformation>
                <gco:CharacterString>FileTypes: .xls</gco:CharacterString>
            </gmd:supplementalInformation>
            <gmd:abstract>
                <gco:CharacterString>&lt;p&gt;This survey was designed to determine such factors as: the extent to which graduates of postsecondary programs had been successful in obtaining employment since graduation; the relationship between the graduates' programs of study and the employment subsequently obtained; the graduates' job and career satisfaction; the rates of under-employment and unemployment; the type of employment obtained related to career expectations and qualification requirements; and the influence of postsecondary ed&#13;
ucation on occupational achievement.&lt;/p&gt; &lt;p&gt;Each graduating class is interviewed twice: two years after graduation (National Graduates Survey) and five years after graduation (Follow-up Survey of Graduates--FOG).&lt;/p&gt;</gco:CharacterString>
            </gmd:abstract>
            <gmd:topicCategory>
                <gco:CharacterString>Social Sciences</gco:CharacterString>
            </gmd:topicCategory>
            <gmd:descriptiveKeywords>
                <gmd:MD_Keywords>
                    <gmd:MD_KeywordTypeCode>
                        <gmd:type>
                            <gmd:MD_KeywordTypeCode>subTopicCategory</gmd:MD_KeywordTypeCode>
                        </gmd:type>
                    </gmd:MD_KeywordTypeCode>
                </gmd:MD_Keywords>
                <gmd:MD_Keywords>
                    <gmd:keyword>
                        <gco:CharacterString>Education</gco:CharacterString>
                    </gmd:keyword>
                    <gmd:MD_KeywordTypeCode>subTopicCategory,</gmd:MD_KeywordTypeCode>
                </gmd:MD_Keywords>
            </gmd:descriptiveKeywords>
            <gmd:defaultLocale>
                <gmd:PT_Locale>
                    <gmd:defaultLocale>
                        <gco:LanguageCode>English</gco:LanguageCode>
                    </gmd:defaultLocale>
                </gmd:PT_Locale>
            </gmd:defaultLocale>
            <gmd:pointOfContact>
                <gmd:CI_Responsibility>
                    <gmd:party>
                        <gmd:CI_Individual>
                            <gmd:name>
                                <gco:CharacterString>Data Liberation Initiative</gco:CharacterString>
                            </gmd:name>
                            <gmd:contactInfo>
                                <gmd:CI_Citation>
                                    <gmd:address>
                                        <gmd:CI_Address>
                                            <gmd:electronicMailAddress>
                                                <gco:CharacterString>STATCAN.de-STCINET-DLI-IDD.STATCAN@canada.ca</gco:CharacterString>
                                            </gmd:electronicMailAddress>
                                        </gmd:CI_Address>
                                    </gmd:address>
                                </gmd:CI_Citation>
                            </gmd:contactInfo>
                        </gmd:CI_Individual>
                        <gmd:CI_Organisation>
                            <gmd:name>
                                <gco:CharacterString>Statistics Canada</gco:CharacterString>
                            </gmd:name>
                            <gmd:name>
                                <gco:CharacterString>Scholars Portal Dataverse</gco:CharacterString>
                            </gmd:name>
                        </gmd:CI_Organisation>
                    </gmd:party>
                    <gmd:role>
                        <gmd:CI_RoleCode>pointOfContact</gmd:CI_RoleCode>
                    </gmd:role>
                    <gmd:party>
                        <gmd:CI_Individual>
                            <gmd:name>
                                <gco:CharacterString>Statistics Canada</gco:CharacterString>
                            </gmd:name>
                        </gmd:CI_Individual>
                        <gmd:CI_Organisation>
                            <gmd:contactInfo>
                                <gmd:CI_Citation>
                                    <gmd:onlineResource>
                                        <gmd:CI_OnlineResource>
                                            <gmd:linkage>
                                                <gco:CharacterString>http://statcan.gc.ca</gco:CharacterString>
                                            </gmd:linkage>
                                        </gmd:CI_OnlineResource>
                                    </gmd:onlineResource>
                                </gmd:CI_Citation>
                            </gmd:contactInfo>
                        </gmd:CI_Organisation>
                        <gmd:role>
                            <gmd:CI_RoleCode>custodian</gmd:CI_RoleCode>
                        </gmd:role>
                    </gmd:party>
                </gmd:CI_Responsibility>
            </gmd:pointOfContact>
            <gmd:additionalDocumentation>
                <gmd:CI_Citation>
                    <gmd:series>
                        <gmd:CI_Series>
                            <gmd:name>
                                <gco:CharacterString>National Graduates Survey</gco:CharacterString>
                            </gmd:name>
                        </gmd:CI_Series>
                    </gmd:series>
                </gmd:CI_Citation>
            </gmd:additionalDocumentation>
            <gmd:extent>
                <gmd:EX_extent>
                    <gmd:temporalElement>
                        <gmd:EX_TemporalExtent>
                            <gmd:description>Time Period Covered</gmd:description>
                            <gmd:extent>
                                <gmd:TimePeriod>
                                    <gmd:beginPosition>2005-04-27</gmd:beginPosition>
                                    <gmd:endPosition>2005-07-24</gmd:endPosition>
                                </gmd:TimePeriod>
                            </gmd:extent>
                            <gmd:description>Date of Collection</gmd:description>
                        </gmd:EX_TemporalExtent>
                    </gmd:temporalElement>
                </gmd:EX_extent>
            </gmd:extent>
            <gmd:extent>
                <gmd:EX_extent>
                    <gmd:description>
                        <gco:CharacterString>Canada</gco:CharacterString>
                    </gmd:description>
                </gmd:EX_extent>
            </gmd:extent>
            <gmd:extent>
                <gmd:EX_extent>
                    <gmd:description>
                        <gco:CharacterString>, Canada, Provinces, Territories</gco:CharacterString>
                    </gmd:description>
                </gmd:EX_extent>
            </gmd:extent>
            <gmd:extent>
                <gmd:EX_extent>
                    <gmd:description>
                        <gco:CharacterString>Province, Territory</gco:CharacterString>
                    </gmd:description>
                </gmd:EX_extent>
            </gmd:extent>
            <gmd:extent>
                <gmd:EX_extent>
                    <gmd:geographicElement>
                        <gmd:EX_GeographicBoundingBox>
                            <gmd:westBoundLongitude>
                                <gco:Decimal>-141.0</gco:Decimal>
                            </gmd:westBoundLongitude>
                            <gmd:eastBoundLongitude>
                                <gco:Decimal>-52.636291</gco:Decimal>
                            </gmd:eastBoundLongitude>
                            <gmd:northBoundLatitude>
                                <gco:Decimal>83.110626</gco:Decimal>
                            </gmd:northBoundLatitude>
                            <gmd:southBoundLatitude>
                                <gco:Decimal>41.67598</gco:Decimal>
                            </gmd:southBoundLatitude>
                        </gmd:EX_GeographicBoundingBox>
                    </gmd:geographicElement>
                </gmd:EX_extent>
            </gmd:extent>
        </gmd:MD_DataIdentification>
    </gmd:identificationInfo>
    <gmd:distributionInfo>
        <gmd:MD_Distribution>
            <gmd:distributor>
                <gmd:MD_Distributor>
                    <gmd:distributorContact>
                        <gmd:CI_Responsibility>
                            <gmd:party>
                                <gmd:CI_Organisation>
                                    <gmd:name>
                                        <gco:CharacterString>Data Liberation Initiative</gco:CharacterString>
                                    </gmd:name>
                                    <gmd:contactInfo>
                                        <gmd:CI_Citation>
                                            <gmd:onlineResource>
                                                <gmd:CI_OnlineResource>
                                                    <gmd:linkage>
                                                        <gco:CharacterString>http://www.statcan.gc.ca/eng/dli/dli</gco:CharacterString>
                                                    </gmd:linkage>
                                                </gmd:CI_OnlineResource>
                                            </gmd:onlineResource>
                                        </gmd:CI_Citation>
                                    </gmd:contactInfo>
                                </gmd:CI_Organisation>
                            </gmd:party>
                            <gmd:role>
                                <gmd:CI_RoleCode>distributor</gmd:CI_RoleCode>
                            </gmd:role>
                        </gmd:CI_Responsibility>
                    </gmd:distributorContact>
                </gmd:MD_Distributor>
            </gmd:distributor>
        </gmd:MD_Distribution>
    </gmd:distributionInfo>
</gmd:MD_Metadata>
