<?xml version="1.0" encoding="UTF-8" standalone="no"?>
<gmd:MD_Metadata xmlns:gmd="http://www.isotc211.org/2005/gmd" xmlns:gco="http://www.isotc211.org/2005/gco" xmlns:gmx="http://www.isotc211.org/2005/gmx" xmlns:xlink="http://www.w3.org/1999/xlink" xmlns:xsi="http://www.w3.org/2001/XMLSchema-instance">
    <gmd:metadataIdentifier>
        <gmd:MD_Identifier>
            <gmd:codeSpace>
                <gco:CharacterString>a8f4b0f4-55bd-3450-a1ac-5989117fab03</gco:CharacterString>
            </gmd:codeSpace>
        </gmd:MD_Identifier>
    </gmd:metadataIdentifier>
    <gmd:parentMetadata>
        <gmd:CI_Citation>
            <gmd:title>
                <gco:CharacterString>Remote predictive mapping of Cretaceous sediments in the Cypress Hills area, Alberta, using  terrain data acquired from aeromagnetic surveys:</gco:CharacterString>
            </gmd:title>
            <gmd:identifier>
                <gmd:MD_Identifier>
                    <gmd:code>
                        <gco:CharacterString>10864/10744</gco:CharacterString>
                    </gmd:code>
                    <gmd:code>
                        <gco:CharacterString>handle</gco:CharacterString>
                    </gmd:code>
                </gmd:MD_Identifier>
            </gmd:identifier>
            <gmd:onlineResource>
                <gmd:CI_OnlineResource>
                    <gmd:linkage>
                        <gco:CharacterString>https://hdl.handle.net/10864/10744</gco:CharacterString>
                    </gmd:linkage>
                </gmd:CI_OnlineResource>
            </gmd:onlineResource>
            <gmd:citedResponsibilityParty>
                <gmd:CI_Responsibility>
                    <gmd:party>
                        <gmd:CI_Organisation>
                            <gmd:name>
                                <gco:CharacterString>Scholars Portal Dataverse</gco:CharacterString>
                            </gmd:name>
                        </gmd:CI_Organisation>
                    </gmd:party>
                    <gmd:role>
                        <gmd:CI_RoleCode>publisher</gmd:CI_RoleCode>
                    </gmd:role>
                </gmd:CI_Responsibility>
            </gmd:citedResponsibilityParty>
        </gmd:CI_Citation>
    </gmd:parentMetadata>
    <gmd:identificationInfo>
        <gmd:MD_DataIdentification>
            <gmd:citation>
                <gmd:CI_Citation>
                    <gmd:identifier>
                        <gmd:MD_Identifier>
                            <gmd:code>
                                <gco:CharacterString>https://hdl.handle.net/10864/10744</gco:CharacterString>
                            </gmd:code>
                            <gmd:codeSpace>
                                <gco:CharacterString>hdl</gco:CharacterString>
                            </gmd:codeSpace>
                        </gmd:MD_Identifier>
                    </gmd:identifier>
                    <gmd:date>
                        <gmd:CI_Date>
                            <gmd:date>
                                <gco:DateTime>2014-08-25</gco:DateTime>
                            </gmd:date>
                        </gmd:CI_Date>
                        <gmd:CI_Date>
                            <gmd:CI_DateTypeCode>publication</gmd:CI_DateTypeCode>
                        </gmd:CI_Date>
                    </gmd:date>
                    <gmd:title>
                        <gco:CharacterString>Remote predictive mapping of Cretaceous sediments in the Cypress Hills area, Alberta, using  terrain data acquired from aeromagnetic surveys</gco:CharacterString>
                    </gmd:title>
                    <gmd:citeResponsibleParty>
                        <gmd:CI_Responsibility>
                            <gmd:party>
                                <gmd:CI_Individual>
                                    <gmd:name>
                                        <gco:CharacterString>Morris, William A.</gco:CharacterString>
                                    </gmd:name>
                                </gmd:CI_Individual>
                            </gmd:party>
                            <gmd:party>
                                <gmd:CI_Organisation>
                                    <gmd:name>
                                        <gco:CharacterString>McMaster University</gco:CharacterString>
                                    </gmd:name>
                                </gmd:CI_Organisation>
                            </gmd:party>
                        </gmd:CI_Responsibility>
                        <gmd:CI_Responsibility>
                            <gmd:party>
                                <gmd:CI_Individual>
                                    <gmd:name>
                                        <gco:CharacterString>Ugalde, Hernan</gco:CharacterString>
                                    </gmd:name>
                                </gmd:CI_Individual>
                            </gmd:party>
                            <gmd:party>
                                <gmd:CI_Organisation>
                                    <gmd:name>
                                        <gco:CharacterString>McMaster University</gco:CharacterString>
                                    </gmd:name>
                                </gmd:CI_Organisation>
                            </gmd:party>
                        </gmd:CI_Responsibility>
                        <gmd:CI_Responsibility>
                            <gmd:party>
                                <gmd:CI_Individual>
                                    <gmd:name>
                                        <gco:CharacterString>Markham, Kristi J.</gco:CharacterString>
                                    </gmd:name>
                                </gmd:CI_Individual>
                            </gmd:party>
                            <gmd:party>
                                <gmd:CI_Organisation>
                                    <gmd:name>
                                        <gco:CharacterString>McMaster University</gco:CharacterString>
                                    </gmd:name>
                                </gmd:CI_Organisation>
                            </gmd:party>
                        </gmd:CI_Responsibility>
                        <gmd:CI_Responsibility>
                            <gmd:party>
                                <gmd:CI_Individual>
                                    <gmd:name>
                                        <gco:CharacterString>Underhay, S.L</gco:CharacterString>
                                    </gmd:name>
                                </gmd:CI_Individual>
                            </gmd:party>
                        </gmd:CI_Responsibility>
                        <gmd:CI_Responsibility>
                            <gmd:role>
                                <gmd:CI_RoleCode>author</gmd:CI_RoleCode>
                            </gmd:role>
                        </gmd:CI_Responsibility>
                    </gmd:citeResponsibleParty>
                    <gmd:edition>
                        <gco:CharacterString>2:0</gco:CharacterString>
                    </gmd:edition>
                </gmd:CI_Citation>
            </gmd:citation>
            <gmd:resourceConstraints>
                <gmd:MD_LegalConstraints>
                    <gmd:otherConstraints>
                        <gco:CharacterString>NONE</gco:CharacterString>
                    </gmd:otherConstraints>
                </gmd:MD_LegalConstraints>
            </gmd:resourceConstraints>
            <gmd:supplementalInformation>
                <gco:CharacterString>FileTypes: .jpg</gco:CharacterString>
            </gmd:supplementalInformation>
            <gmd:abstract>
                <gco:CharacterString>The use of radar altimeter and global positioning system (GPS) data combined with levelling techniques is a viable, effective, and cost-efficient method for the production of digital terrain models. Here we show the result of merging two different topographic datasets derived from two separate airborne magnetic surveys with varying control and sample density. The topographic data were then examined using slope analysis and differential gridding algorithms for lineament and contact edge mapping extraction. The contacts derived were subsequently used to derive a three-dimensional (3D) geological model of the area of study. The final model agrees with previous geological maps of the area and shows the potential of the utilization of topographic data for rapid production of a predictive geological map that could be tested by a number of preselected field verification points.</gco:CharacterString>
            </gmd:abstract>
            <gmd:descriptiveKeywords>
                <gmd:MD_Keywords>
                    <gmd:keyword>
                        <gco:CharacterString>Geophysics</gco:CharacterString>
                    </gmd:keyword>
                    <gmd:thesaurusName>
                        <gmd:CI_Citation>
                            <gmd:title>
                                <gco:CharacterString>aeromagnetics, radar altimeter</gco:CharacterString>
                            </gmd:title>
                        </gmd:CI_Citation>
                    </gmd:thesaurusName>
                    <gmd:keyword>
                        <gco:CharacterString>Geomatics</gco:CharacterString>
                    </gmd:keyword>
                    <gmd:thesaurusName>
                        <gmd:CI_Citation>
                            <gmd:title>
                                <gco:CharacterString>GPS, Digital terrain models</gco:CharacterString>
                            </gmd:title>
                        </gmd:CI_Citation>
                    </gmd:thesaurusName>
                    <gmd:MD_KeywordTypeCode>
                        <gmd:type>
                            <gmd:MD_KeywordTypeCode>subTopicCategory</gmd:MD_KeywordTypeCode>
                        </gmd:type>
                    </gmd:MD_KeywordTypeCode>
                </gmd:MD_Keywords>
            </gmd:descriptiveKeywords>
            <gmd:additionalDocumentation>
                <gmd:CI_Citation>
                    <gmd:otherCitationDetails>
                        <gco:CharacterString>Morris, W. A; Ugalde, H; Markham, K.J., 2009.  Remote predictive mapping of Cretaceous sediments in the Cypress Hills area, Alberta, using  terrain data acquired from aeromagnetic surveys.  Canadian Journal of Remote Sensing, v.35, p. S142-S153</gco:CharacterString>
                    </gmd:otherCitationDetails>
                    <gmd:otherCitationDetails>
                        <gco:CharacterString>Morris, W. A; Ugalde, H; Markham, K.J., 2009.  Remote predictive mapping of Cretaceous sediments in the Cypress Hills area, Alberta, using  terrain data acquired from aeromagnetic surveys.  Canadian Journal of Remote Sensing, v.35, p. S142-S153</gco:CharacterString>
                    </gmd:otherCitationDetails>
                    <gmd:otherCitationDetails>
                        <gco:CharacterString>Ugalde, H.A., Underhay, S.L., Morris, W.A., and Markham, K., 2008. Evidence for basement fault reactivation in southern Alberta: An integrated topography and airborne magnetics approach. Recorder, Canadian Society of Exploration Geophysicists, v.33 (1), p.32-38.</gco:CharacterString>
                    </gmd:otherCitationDetails>
                </gmd:CI_Citation>
                <gmd:CI_Citation>
                    <gmd:onlineResource>
                        <gmd:CI_OnlineResource>
                            <gmd:linkage>
                                <gco:CharacterString>http://csegrecorder.com/articles/view/evidence-for-basement-fault-reactivation-in-southern-alberta</gco:CharacterString>
                            </gmd:linkage>
                        </gmd:CI_OnlineResource>
                    </gmd:onlineResource>
                </gmd:CI_Citation>
            </gmd:additionalDocumentation>
            <gmd:pointOfContact>
                <gmd:CI_Responsibility>
                    <gmd:party>
                        <gmd:CI_Individual>
                            <gmd:name>
                                <gco:CharacterString>William A. Morris</gco:CharacterString>
                            </gmd:name>
                            <gmd:contactInfo>
                                <gmd:CI_Citation>
                                    <gmd:address>
                                        <gmd:CI_Address>
                                            <gmd:electronicMailAddress>
                                                <gco:CharacterString>morriswa@mcmaster.ca</gco:CharacterString>
                                            </gmd:electronicMailAddress>
                                        </gmd:CI_Address>
                                    </gmd:address>
                                </gmd:CI_Citation>
                            </gmd:contactInfo>
                        </gmd:CI_Individual>
                        <gmd:CI_Organisation>
                            <gmd:name>
                                <gco:CharacterString>McMaster University</gco:CharacterString>
                            </gmd:name>
                            <gmd:name>
                                <gco:CharacterString>Scholars Portal Dataverse</gco:CharacterString>
                            </gmd:name>
                        </gmd:CI_Organisation>
                    </gmd:party>
                    <gmd:role>
                        <gmd:CI_RoleCode>pointOfContact</gmd:CI_RoleCode>
                    </gmd:role>
                </gmd:CI_Responsibility>
            </gmd:pointOfContact>
            <gmd:extent>
                <gmd:EX_extent>
                    <gmd:temporalElement>
                        <gmd:EX_TemporalExtent>
                            <gmd:description>Time Period Covered</gmd:description>
                            <gmd:description>Date of Collection</gmd:description>
                        </gmd:EX_TemporalExtent>
                    </gmd:temporalElement>
                </gmd:EX_extent>
            </gmd:extent>
            <gmd:extent>
                <gmd:EX_extent>
                    <gmd:description>
                        <gco:CharacterString>Canada</gco:CharacterString>
                    </gmd:description>
                </gmd:EX_extent>
            </gmd:extent>
            <gmd:extent>
                <gmd:EX_extent>
                    <gmd:description>
                        <gco:CharacterString>, Cypress Hill, Alberta</gco:CharacterString>
                    </gmd:description>
                </gmd:EX_extent>
            </gmd:extent>
            <gmd:extent>
                <gmd:EX_extent>
                    <gmd:geographicElement>
                        <gmd:EX_GeographicBoundingBox>
                            <gmd:westBoundLongitude>
                                <gco:Decimal>-141.0</gco:Decimal>
                            </gmd:westBoundLongitude>
                            <gmd:eastBoundLongitude>
                                <gco:Decimal>-52.636291</gco:Decimal>
                            </gmd:eastBoundLongitude>
                            <gmd:northBoundLatitude>
                                <gco:Decimal>83.110626</gco:Decimal>
                            </gmd:northBoundLatitude>
                            <gmd:southBoundLatitude>
                                <gco:Decimal>41.67598</gco:Decimal>
                            </gmd:southBoundLatitude>
                        </gmd:EX_GeographicBoundingBox>
                    </gmd:geographicElement>
                </gmd:EX_extent>
            </gmd:extent>
        </gmd:MD_DataIdentification>
    </gmd:identificationInfo>
</gmd:MD_Metadata>
