<?xml version="1.0" encoding="UTF-8" standalone="no"?>
<gmd:MD_Metadata xmlns:gmd="http://www.isotc211.org/2005/gmd" xmlns:gco="http://www.isotc211.org/2005/gco" xmlns:gmx="http://www.isotc211.org/2005/gmx" xmlns:xlink="http://www.w3.org/1999/xlink" xmlns:xsi="http://www.w3.org/2001/XMLSchema-instance">
    <gmd:metadataIdentifier>
        <gmd:MD_Identifier>
            <gmd:codeSpace>
                <gco:CharacterString>c93fc29f-8911-35b4-a021-150f30acd68a</gco:CharacterString>
            </gmd:codeSpace>
        </gmd:MD_Identifier>
    </gmd:metadataIdentifier>
    <gmd:parentMetadata>
        <gmd:CI_Citation>
            <gmd:title>
                <gco:CharacterString>Climate change and permafrost impacts on High Arctic watershed fluxes: Cape Bounty, Melville Island, experimental watershed observatory:</gco:CharacterString>
            </gmd:title>
            <gmd:identifier>
                <gmd:MD_Identifier>
                    <gmd:code>
                        <gco:CharacterString>10864/10235</gco:CharacterString>
                    </gmd:code>
                    <gmd:code>
                        <gco:CharacterString>handle</gco:CharacterString>
                    </gmd:code>
                </gmd:MD_Identifier>
            </gmd:identifier>
            <gmd:onlineResource>
                <gmd:CI_OnlineResource>
                    <gmd:linkage>
                        <gco:CharacterString>https://hdl.handle.net/10864/10235</gco:CharacterString>
                    </gmd:linkage>
                </gmd:CI_OnlineResource>
            </gmd:onlineResource>
            <gmd:citedResponsibilityParty>
                <gmd:CI_Responsibility>
                    <gmd:party>
                        <gmd:CI_Organisation>
                            <gmd:name>
                                <gco:CharacterString>Scholars Portal Dataverse</gco:CharacterString>
                            </gmd:name>
                        </gmd:CI_Organisation>
                    </gmd:party>
                    <gmd:role>
                        <gmd:CI_RoleCode>publisher</gmd:CI_RoleCode>
                    </gmd:role>
                </gmd:CI_Responsibility>
            </gmd:citedResponsibilityParty>
        </gmd:CI_Citation>
    </gmd:parentMetadata>
    <gmd:identificationInfo>
        <gmd:MD_DataIdentification>
            <gmd:citation>
                <gmd:CI_Citation>
                    <gmd:identifier>
                        <gmd:MD_Identifier>
                            <gmd:code>
                                <gco:CharacterString>https://hdl.handle.net/10864/10235</gco:CharacterString>
                            </gmd:code>
                            <gmd:codeSpace>
                                <gco:CharacterString>hdl</gco:CharacterString>
                            </gmd:codeSpace>
                        </gmd:MD_Identifier>
                    </gmd:identifier>
                    <gmd:date>
                        <gmd:CI_Date>
                            <gmd:date>
                                <gco:DateTime>2012-10-17</gco:DateTime>
                            </gmd:date>
                        </gmd:CI_Date>
                        <gmd:CI_Date>
                            <gmd:CI_DateTypeCode>publication</gmd:CI_DateTypeCode>
                        </gmd:CI_Date>
                    </gmd:date>
                    <gmd:title>
                        <gco:CharacterString>Climate change and permafrost impacts on High Arctic watershed fluxes: Cape Bounty, Melville Island, experimental watershed observatory</gco:CharacterString>
                    </gmd:title>
                    <gmd:identifier>
                        <gmd:MD_Identifier>
                            <gmd:authority>
                                <gmd:CI_Citation>
                                    <gmd:citedResponsibility>
                                        <gmd:CI_Responsibility>
                                            <gmd:party>
                                                <gmd:CI_Organisation>
                                                    <gmd:name>
                                                        <gco:CharacterString>DataCite International</gco:CharacterString>
                                                    </gmd:name>
                                                    <gmd:partyIdentifier>
                                                        <gmd:MD_Identifier>
                                                            <gmd:code>
                                                                <gco:CharacterString>http://dx.doi.org/10.5443/11361</gco:CharacterString>
                                                            </gmd:code>
                                                        </gmd:MD_Identifier>
                                                    </gmd:partyIdentifier>
                                                </gmd:CI_Organisation>
                                            </gmd:party>
                                            <gmd:role>
                                                <gmd:CI_RoleCode>resourceProvider</gmd:CI_RoleCode>
                                            </gmd:role>
                                        </gmd:CI_Responsibility>
                                    </gmd:citedResponsibility>
                                </gmd:CI_Citation>
                            </gmd:authority>
                        </gmd:MD_Identifier>
                    </gmd:identifier>
                    <gmd:citeResponsibleParty>
                        <gmd:CI_Responsibility>
                            <gmd:party>
                                <gmd:CI_Individual>
                                    <gmd:name>
                                        <gco:CharacterString>Scott Lamoureux</gco:CharacterString>
                                    </gmd:name>
                                </gmd:CI_Individual>
                            </gmd:party>
                        </gmd:CI_Responsibility>
                        <gmd:CI_Responsibility>
                            <gmd:party>
                                <gmd:CI_Individual>
                                    <gmd:name>
                                        <gco:CharacterString>Andre Simpson</gco:CharacterString>
                                    </gmd:name>
                                </gmd:CI_Individual>
                            </gmd:party>
                        </gmd:CI_Responsibility>
                        <gmd:CI_Responsibility>
                            <gmd:party>
                                <gmd:CI_Individual>
                                    <gmd:name>
                                        <gco:CharacterString>Linda Lamoureux</gco:CharacterString>
                                    </gmd:name>
                                </gmd:CI_Individual>
                            </gmd:party>
                        </gmd:CI_Responsibility>
                        <gmd:CI_Responsibility>
                            <gmd:party>
                                <gmd:CI_Individual>
                                    <gmd:name>
                                        <gco:CharacterString>Melissa Lafrenière</gco:CharacterString>
                                    </gmd:name>
                                </gmd:CI_Individual>
                            </gmd:party>
                        </gmd:CI_Responsibility>
                        <gmd:CI_Responsibility>
                            <gmd:party>
                                <gmd:CI_Individual>
                                    <gmd:name>
                                        <gco:CharacterString>Myrna Simpson</gco:CharacterString>
                                    </gmd:name>
                                </gmd:CI_Individual>
                            </gmd:party>
                        </gmd:CI_Responsibility>
                        <gmd:CI_Responsibility>
                            <gmd:party>
                                <gmd:CI_Individual>
                                    <gmd:name>
                                        <gco:CharacterString>Neal Scott</gco:CharacterString>
                                    </gmd:name>
                                </gmd:CI_Individual>
                            </gmd:party>
                        </gmd:CI_Responsibility>
                        <gmd:CI_Responsibility>
                            <gmd:party>
                                <gmd:CI_Individual>
                                    <gmd:name>
                                        <gco:CharacterString>Paul Treitz</gco:CharacterString>
                                    </gmd:name>
                                </gmd:CI_Individual>
                            </gmd:party>
                        </gmd:CI_Responsibility>
                        <gmd:CI_Responsibility>
                            <gmd:party>
                                <gmd:CI_Individual>
                                    <gmd:name>
                                        <gco:CharacterString>Pierre Francus</gco:CharacterString>
                                    </gmd:name>
                                </gmd:CI_Individual>
                            </gmd:party>
                        </gmd:CI_Responsibility>
                        <gmd:CI_Responsibility>
                            <gmd:role>
                                <gmd:CI_RoleCode>author</gmd:CI_RoleCode>
                            </gmd:role>
                        </gmd:CI_Responsibility>
                    </gmd:citeResponsibleParty>
                    <gmd:edition>
                        <gco:CharacterString>1:0</gco:CharacterString>
                    </gmd:edition>
                </gmd:CI_Citation>
            </gmd:citation>
            <gmd:resourceConstraints>
                <gmd:MD_LegalConstraints>
                    <gmd:otherConstraints>
                        <gco:CharacterString>NONE</gco:CharacterString>
                    </gmd:otherConstraints>
                </gmd:MD_LegalConstraints>
            </gmd:resourceConstraints>
            <gmd:supplementalInformation>
                <gco:CharacterString/>
            </gmd:supplementalInformation>
            <gmd:abstract>
                <gco:CharacterString>Research at the Cape Bounty Arctic Watershed Observatory (CBAWO), Melville Island, Nunavut (74º54' N, 109º35' W) is investigating how climate change will affect High Arctic rivers, soils and vegetation to provide an unprecedented understanding of the hydrological and ecosystem processes that are sensitive to climate change, and also to predict and anticipate future effects. Climate can change the amount of water available through the amount of snowfall that is present during the spring. During the IPY years we have intensively examined how different snowpack and soil temperature conditions affect the spring melt, the amount of sediment and soil erosion, the growth of plants, and the release of dissolved nutrients and greenhouse gases. We will further link our field observations with satellite remote sensing of vegetation cover. We experimentally increased the amount of snow in small areas using snow fences, and compared observations between these sites and locations with unaltered snow cover. We also investigated these processes in areas where the permafrost has been disturbed and where soil disruption is intense. Finally, by studying the delivery of sediment and other materials to lakes and recovering sediments from the lakes, we will reconstruct past changes in landscape and ecosystem processes to identify what changes have already occurred. This project represents a major multidiscipli
nary integrated study of the hydrological, geomorphic, soil and plant systems combined with leading edge determinations of water chemistry and nutrient and gas release. At the end of the IPY period, the results from Cape Bounty will represent the longest, most comprehensive source of data to understand the processes and impacts that climate change will have on High Arctic landscapes and rivers. We have undertaken a number of efforts to integrate our research within the group, with IPY core groups, and with additional researchers. We have maintained strong working connections and attended workshops with the CiCAT IPY project and our international IPY partner groups (ACCONET, SEDIBUD, ITEX). We have also established strong working relationships with ArcticNet researchers that have resulted in sharing data sets, coordinated sampling, and analysis of results. All of these activities have significantly expanded the scope and comprehensiveness of our research program, and maximized the accessibility and value of the data we have collected.</gco:CharacterString>
            </gmd:abstract>
            <gmd:descriptiveKeywords>
                <gmd:MD_Keywords>
                    <gmd:keyword>
                        <gco:CharacterString>Climate change</gco:CharacterString>
                    </gmd:keyword>
                    <gmd:keyword>
                        <gco:CharacterString>Watershed</gco:CharacterString>
                    </gmd:keyword>
                    <gmd:keyword>
                        <gco:CharacterString>Vegetation</gco:CharacterString>
                    </gmd:keyword>
                    <gmd:keyword>
                        <gco:CharacterString>Sediments</gco:CharacterString>
                    </gmd:keyword>
                    <gmd:keyword>
                        <gco:CharacterString>Remote sensing data</gco:CharacterString>
                    </gmd:keyword>
                    <gmd:keyword>
                        <gco:CharacterString>Permafrost</gco:CharacterString>
                    </gmd:keyword>
                    <gmd:keyword>
                        <gco:CharacterString>Hydrology</gco:CharacterString>
                    </gmd:keyword>
                    <gmd:keyword>
                        <gco:CharacterString>Greenhouse gas</gco:CharacterString>
                    </gmd:keyword>
                    <gmd:keyword>
                        <gco:CharacterString>Melville Island</gco:CharacterString>
                    </gmd:keyword>
                    <gmd:keyword>
                        <gco:CharacterString>Cape Bounty</gco:CharacterString>
                    </gmd:keyword>
                    <gmd:MD_KeywordTypeCode>
                        <gmd:type>
                            <gmd:MD_KeywordTypeCode>subTopicCategory</gmd:MD_KeywordTypeCode>
                        </gmd:type>
                    </gmd:MD_KeywordTypeCode>
                </gmd:MD_Keywords>
            </gmd:descriptiveKeywords>
            <gmd:supplementalInformation>
                <gco:CharacterString>Type: Research Program: Notes: IPY-Climate Change and Permafrost, Cape Bounty &lt;p&gt;This metadata record corresponds to an IPY project.  Studies completed under this research project are identified as related materials.  These studies can also be retrieved using the &lt;a href="http://www.polardata.ca/whitesnow/"&gt;Polar Data Catalogue&lt;/a&gt;.&lt;/p&gt;;</gco:CharacterString>
            </gmd:supplementalInformation>
            <gmd:pointOfContact>
                <gmd:CI_Responsibility>
                    <gmd:party>
                        <gmd:CI_Individual>
                            <gmd:name>
                                <gco:CharacterString>Polar Data Catalogue</gco:CharacterString>
                            </gmd:name>
                            <gmd:contactInfo>
                                <gmd:CI_Citation>
                                    <gmd:address>
                                        <gmd:CI_Address>
                                            <gmd:electronicMailAddress>
                                                <gco:CharacterString>pdc@uwaterloo.ca</gco:CharacterString>
                                            </gmd:electronicMailAddress>
                                        </gmd:CI_Address>
                                    </gmd:address>
                                </gmd:CI_Citation>
                            </gmd:contactInfo>
                        </gmd:CI_Individual>
                        <gmd:CI_Organisation>
                            <gmd:name>
                                <gco:CharacterString>Canadian Cryospheric Information Network</gco:CharacterString>
                            </gmd:name>
                            <gmd:name>
                                <gco:CharacterString>Scholars Portal Dataverse</gco:CharacterString>
                            </gmd:name>
                        </gmd:CI_Organisation>
                    </gmd:party>
                    <gmd:role>
                        <gmd:CI_RoleCode>pointOfContact</gmd:CI_RoleCode>
                    </gmd:role>
                </gmd:CI_Responsibility>
            </gmd:pointOfContact>
            <gmd:additionalDocumentation>
                <gmd:CI_Citation>
                    <gmd:series>
                        <gmd:CI_Series>
                            <gmd:name>
                                <gco:CharacterString/>
                            </gmd:name>
                        </gmd:CI_Series>
                    </gmd:series>
                    <gmd:otherCitationDetails>
                        <gco:CharacterString>2010 Active Layer Detachment (ALD) Carbon Exchange, Cape Bounty. CCIN Reference No: 10857
&lt;br/&gt; 2010 Active Layer Detachment (ALD) Trace Gas Fluxes, Cape Bounty. CCIN Reference No: 10856&lt;br/&gt; 2010 RADARSAT-2 data, Cape Bounty, Melville Island, Nunavut. CCIN Reference No: 10860&lt;br/&gt; 2010 Moored lake water temperature, West and East Lakes, Cape Bounty. CCIN Reference No: 10787&lt;br/&gt; 2010 West and East Lake bottom moorings, Cape Bounty. CCIN Reference No: 10859&lt;br/&gt; 2010 West River Sediment Budget data, Cape Bounty. CCIN Reference No: 10700&lt;br/&gt; 2010 Lake water column casts, West and Eas
t Lakes, Cape Bounty. CCIN Reference No: 10784&lt;br/&gt; 2010 IKONOS data, Cape Bounty. CCIN Reference No: 10858&lt;br/&gt; 2010 Soil moisture data, Cape Bounty. CCIN Reference No: 10785&lt;br/&gt; 2010 Assessment of Vegetation Phenology, Cape Bounty. CCIN Reference No: 10697&lt;br/&gt; 2010 Assessment of Vegetation NDVI, Cape Bounty. CCIN Reference No: 10699&lt;br/&gt; 2010 Impact of permafrost disturbance on tundra vegetation, Cape Bounty. CCIN Reference No: 10698&lt;br/&gt; 2009 Hydrological model data, discharge, sediment, We
st River, Cape Bounty. CCIN Reference No: 9874&lt;br/&gt; 2010 Soil and Sediment Organic Geochemistry, Cape Bounty. CCIN Reference No: 10696&lt;br/&gt; 2009 RADARSAT-2 data, Cape Bounty. CCIN Reference No: 9890&lt;br/&gt; 2009 Lake water column casts, West and East Lakes, Cape Bounty. CCIN Reference No: 9876&lt;br/&gt; 2009 Aquatic greenhouse gas samples lakes, rivers, Cape Bounty. CCIN Reference No: 9880&lt;br/&gt; 2009 Moored lake water temperature, West and East Lakes, Cape Bounty. CCIN Reference No: 9877&lt;br/&gt; 2009 Sedime
nt traps, East and West Lakes, Cape bounty. CCIN Reference No: 9879
&lt;br/&gt; 2009 Soil moisture data, Cape Bounty. CCIN Reference No: 9882&lt;br/&gt; 2009 Mercury samples, lakes, rivers, Cape Bounty. CCIN Reference No: 9881&lt;br/&gt; 2009 West and East Lake bottom moorings, Cape Bounty. CCIN Reference No: 9878&lt;br/&gt; 2009 Water chemistry, West and East Lakes, Cape Bounty. CCIN Reference No: 9976&lt;br/&gt; 2009 Disturbance vegetation data, Cape Bounty. CCIN Reference No: 9851&lt;br/&gt; 2009 GeoEye-1 satellite images, Cape Bounty. CCIN Reference No: 9884&lt;br/&gt; 2008 Catchment snow survey, Ca
pe Bounty. CCIN Reference No: 9859&lt;br/&gt; 2008 Soil Nutrient Availability, Cape Bounty. CCIN Reference No: 9857&lt;br/&gt; 2008 Carbon Dioxide Flux and Soil data, subcatchments, Cape Bounty. CCIN Reference No: 9854&lt;br/&gt; 2008 Carbon Dioxide Flux and Soil data, Vegetation Community Study, Cape Bounty. CCIN Reference No: 9853&lt;br/&gt; 2008 Soil temperature, moisture, and nutrient data, Cape Bounty. CCIN Reference No: 9865&lt;br/&gt; 2008 River Chemistry and Soil Dissolved organic carbon (DOC) and total dissolved nit
rogen (TDN) concentrations, Cape Bounty. CCIN Reference No: 9866
&lt;br/&gt; 2008 Dissolved inorganic ion concentrations, Cape Bounty. CCIN Reference No: 9863&lt;br/&gt; 2008 Vegetation data, disturbed sites, Cape Bounty. CCIN Reference No: 9856&lt;br/&gt; 2008 West and East Lake bottom moorings, Cape Bounty. CCIN Reference No: 9823&lt;br/&gt; 2009 ITEX site data, Cape Bounty. CCIN Reference No: 9888&lt;br/&gt; 2008 West and East Lake water samples, Cape Bounty. CCIN Reference No: 9821&lt;br/&gt; 2008 Soil and sediment organic geochemistry, Cape Bounty. CCIN Reference No: 9855&lt;br/&gt; 2008 Moored
lake water temperature, West and East Lakes, Cape Bounty. CCIN Reference No: 9822
&lt;br/&gt; 2008 Vegetation Surveys, Cape Bounty. CCIN Reference No: 9858&lt;br/&gt; 2008 Lake water column casts, West and East Lakes, Cape Bounty. CCIN Reference No: 9828&lt;br/&gt; 2008 Sediment traps West and East Lakes, Cape Bounty. CCIN Reference No: 9827&lt;br/&gt; 2008 West Lake, ADCP bottom velocity, Cape Bounty. CCIN Reference No: 9824&lt;br/&gt; 2008 Lake In-situ particle size and concentration, Cape Bounty. CCIN Reference No: 9826&lt;br/&gt; 2008 Snow pits and chemistry, Cape Bounty. CCIN Reference No: 9852&lt;br/&gt; 2008 S
ubcatchment Snow Survey, Cape Bounty. CCIN Reference No: 9860&lt;br/&gt; 2008-2009 CO2 Flux tower, Cape Bounty. CCIN Reference No: 9938&lt;br/&gt; 2008 Vegetation Community Biomass, Cape Bounty. CCIN Reference No: 9864&lt;br/&gt; 2008 ITEX site data, Cape Bounty. CCIN Reference No: 9862&lt;br/&gt; 2008 Spectroradiometer data, Cape Bounty. CCIN Reference No: 9861&lt;br/&gt; 2008-2009 Ikonos Satellite Imagery and Derivitives, Cape Bounty. CCIN Reference No: 9886&lt;br/&gt; 2008-2009 Lake ice growth, West Lake, Cape Bounty. CCIN Refe
rence No: 9875&lt;br/&gt; 2007 Snow Survey, Cape Bounty. CCIN Reference No: 9832&lt;br/&gt; 2007 River Chemistry and Soil Dissolved organic carbon (DOC) and total dissolved nitrogen (TDN), Cape Bounty. CCIN Reference No: 9846&lt;br/&gt; 2007 Dissolved Organic Matter Samples, West Lake, Cape Bounty. CCIN Reference No: 108&lt;br/&gt; 2007 Underflow Velocity, Inclinometers, West and East Lakes, Cape Bounty. CCIN Reference No: 551&lt;br/&gt; 2007 Lake Water Column Casts, West Lake, Cape Bounty. CCIN Reference No: 550&lt;br/&gt; 2007 W
est Lake Amphipods, Cape Bounty. CCIN Reference No: 547&lt;br/&gt; 2007 Lake Water Column Casts, East and West Lakes, Cape Bounty. CCIN Reference No: 555&lt;br/&gt; Moored lake water conductivity, temperature, turbidity, depth (CTD) using the Richard Brancker Ltd CTD, 1 m above the West-mid lake bottom, summer 2007, Cape Bounty, Melville Island, Nunavut. CCIN Reference No: 554&lt;br/&gt; 2007 Water Samples from West Lake, Cape Bounty. CCIN Reference No: 552&lt;br/&gt; 2007 West River Water Quality Data, Cape Bounty. CC
IN Reference No: 437&lt;br/&gt; 2007 East River water quality data, Cape Bounty. CCIN Reference No: 436&lt;br/&gt; 2007 Sediment Traps, West and East Lakes, Cape Bounty. CCIN Reference No: 556&lt;br/&gt; 2007 Moored lake water temperature, West and East Lakes, Cape Bounty. CCIN Reference No: 553&lt;br/&gt; 2007 Underflow Sediment Traps, West and East Lakes, Cape Bounty. CCIN Reference No: 549&lt;br/&gt; 2007 Soil Moisture and Temperature data, Cape Bounty. CCIN Reference No: 572&lt;br/&gt; 2007-2010 Active layer detachment mapping
, Cape Bounty. CCIN Reference No: 9939&lt;br/&gt; 2007 Active Layer Detachment mapping, Cape Bounty. CCIN Reference No: 543</gco:CharacterString>
                    </gmd:otherCitationDetails>
                </gmd:CI_Citation>
            </gmd:additionalDocumentation>
            <gmd:extent>
                <gmd:EX_extent>
                    <gmd:temporalElement>
                        <gmd:EX_TemporalExtent>
                            <gmd:extent>
                                <gmd:TimePeriod>
                                    <gmd:beginPosition>2007-04-01</gmd:beginPosition>
                                    <gmd:endPosition>2011-03-31</gmd:endPosition>
                                </gmd:TimePeriod>
                            </gmd:extent>
                            <gmd:description>Time Period Covered</gmd:description>
                            <gmd:description>Date of Collection</gmd:description>
                        </gmd:EX_TemporalExtent>
                    </gmd:temporalElement>
                </gmd:EX_extent>
            </gmd:extent>
            <gmd:extent>
                <gmd:EX_extent>
                    <gmd:description>
                        <gco:CharacterString>, Canada (CAN)</gco:CharacterString>
                    </gmd:description>
                </gmd:EX_extent>
            </gmd:extent>
            <gmd:extent>
                <gmd:EX_extent>
                    <gmd:description>
                        <gco:CharacterString>, Cape Bounty (Nunavut, Canada)</gco:CharacterString>
                    </gmd:description>
                </gmd:EX_extent>
            </gmd:extent>
            <gmd:extent>
                <gmd:EX_extent>
                    <gmd:geographicElement>
                        <gmd:EX_GeographicBoundingBox>
                            <gmd:westBoundLongitude>
                                <gco:Decimal>-109.5</gco:Decimal>
                            </gmd:westBoundLongitude>
                            <gmd:eastBoundLongitude>
                                <gco:Decimal>-109.5</gco:Decimal>
                            </gmd:eastBoundLongitude>
                            <gmd:northBoundLatitude>
                                <gco:Decimal>74.5</gco:Decimal>
                            </gmd:northBoundLatitude>
                            <gmd:southBoundLatitude>
                                <gco:Decimal>74.5</gco:Decimal>
                            </gmd:southBoundLatitude>
                        </gmd:EX_GeographicBoundingBox>
                    </gmd:geographicElement>
                </gmd:EX_extent>
            </gmd:extent>
        </gmd:MD_DataIdentification>
    </gmd:identificationInfo>
    <gmd:distributionInfo>
        <gmd:MD_Distribution>
            <gmd:distributor>
                <gmd:MD_Distributor>
                    <gmd:distributorContact>
                        <gmd:CI_Responsibility>
                            <gmd:party>
                                <gmd:CI_Organisation>
                                    <gmd:name>
                                        <gco:CharacterString>Polar Data Catalogue</gco:CharacterString>
                                    </gmd:name>
                                    <gmd:contactInfo>
                                        <gmd:CI_Citation>
                                            <gmd:onlineResource>
                                                <gmd:CI_OnlineResource>
                                                    <gmd:linkage>
                                                        <gco:CharacterString>http://www.polardata.ca/home/</gco:CharacterString>
                                                    </gmd:linkage>
                                                </gmd:CI_OnlineResource>
                                            </gmd:onlineResource>
                                        </gmd:CI_Citation>
                                    </gmd:contactInfo>
                                    <gmd:logo>
                                        <gmd:MD_BrowseGraphic>
                                            <gmd:linkage>
                                                <gmd:CI_OnlineResource>
                                                    <gmd:linkage>
                                                        <gco:CharacterString>http://www.polardata.ca/home/sites/all/themes/gazette/images/banner/logo-default.jpg</gco:CharacterString>
                                                    </gmd:linkage>
                                                </gmd:CI_OnlineResource>
                                            </gmd:linkage>
                                        </gmd:MD_BrowseGraphic>
                                    </gmd:logo>
                                </gmd:CI_Organisation>
                            </gmd:party>
                            <gmd:role>
                                <gmd:CI_RoleCode>distributor</gmd:CI_RoleCode>
                            </gmd:role>
                        </gmd:CI_Responsibility>
                    </gmd:distributorContact>
                </gmd:MD_Distributor>
            </gmd:distributor>
        </gmd:MD_Distribution>
    </gmd:distributionInfo>
</gmd:MD_Metadata>
