<?xml version="1.0" encoding="UTF-8" standalone="no"?>
<gmd:MD_Metadata xmlns:gmd="http://www.isotc211.org/2005/gmd" xmlns:gco="http://www.isotc211.org/2005/gco" xmlns:gmx="http://www.isotc211.org/2005/gmx" xmlns:xlink="http://www.w3.org/1999/xlink" xmlns:xsi="http://www.w3.org/2001/XMLSchema-instance">
    <gmd:metadataIdentifier>
        <gmd:MD_Identifier>
            <gmd:codeSpace>
                <gco:CharacterString>27b1265b-88d7-3f0b-8333-a3792c6ec702</gco:CharacterString>
            </gmd:codeSpace>
        </gmd:MD_Identifier>
    </gmd:metadataIdentifier>
    <gmd:parentMetadata>
        <gmd:CI_Citation>
            <gmd:title>
                <gco:CharacterString>Turkey Point Flux Station 1939 Forest (TP4):</gco:CharacterString>
            </gmd:title>
            <gmd:identifier>
                <gmd:MD_Identifier>
                    <gmd:code>
                        <gco:CharacterString>10864/10772</gco:CharacterString>
                    </gmd:code>
                    <gmd:code>
                        <gco:CharacterString>handle</gco:CharacterString>
                    </gmd:code>
                </gmd:MD_Identifier>
            </gmd:identifier>
            <gmd:onlineResource>
                <gmd:CI_OnlineResource>
                    <gmd:linkage>
                        <gco:CharacterString>https://hdl.handle.net/10864/10772</gco:CharacterString>
                    </gmd:linkage>
                </gmd:CI_OnlineResource>
            </gmd:onlineResource>
            <gmd:citedResponsibilityParty>
                <gmd:CI_Responsibility>
                    <gmd:party>
                        <gmd:CI_Organisation>
                            <gmd:name>
                                <gco:CharacterString>Scholars Portal Dataverse</gco:CharacterString>
                            </gmd:name>
                        </gmd:CI_Organisation>
                    </gmd:party>
                    <gmd:role>
                        <gmd:CI_RoleCode>publisher</gmd:CI_RoleCode>
                    </gmd:role>
                </gmd:CI_Responsibility>
            </gmd:citedResponsibilityParty>
        </gmd:CI_Citation>
    </gmd:parentMetadata>
    <gmd:identificationInfo>
        <gmd:MD_DataIdentification>
            <gmd:citation>
                <gmd:CI_Citation>
                    <gmd:identifier>
                        <gmd:MD_Identifier>
                            <gmd:code>
                                <gco:CharacterString>https://hdl.handle.net/10864/10772</gco:CharacterString>
                            </gmd:code>
                            <gmd:codeSpace>
                                <gco:CharacterString>hdl</gco:CharacterString>
                            </gmd:codeSpace>
                        </gmd:MD_Identifier>
                    </gmd:identifier>
                    <gmd:date>
                        <gmd:CI_Date>
                            <gmd:date>
                                <gco:DateTime>2014-08-21</gco:DateTime>
                            </gmd:date>
                        </gmd:CI_Date>
                        <gmd:CI_Date>
                            <gmd:CI_DateTypeCode>publication</gmd:CI_DateTypeCode>
                        </gmd:CI_Date>
                    </gmd:date>
                    <gmd:title>
                        <gco:CharacterString>Turkey Point Flux Station 1939 Forest (TP4)</gco:CharacterString>
                    </gmd:title>
                    <gmd:citeResponsibleParty>
                        <gmd:CI_Responsibility>
                            <gmd:party>
                                <gmd:CI_Individual>
                                    <gmd:name>
                                        <gco:CharacterString>Arain, M. Altaf</gco:CharacterString>
                                    </gmd:name>
                                </gmd:CI_Individual>
                            </gmd:party>
                            <gmd:party>
                                <gmd:CI_Organisation>
                                    <gmd:name>
                                        <gco:CharacterString>McMaster University</gco:CharacterString>
                                    </gmd:name>
                                </gmd:CI_Organisation>
                            </gmd:party>
                        </gmd:CI_Responsibility>
                        <gmd:CI_Responsibility>
                            <gmd:role>
                                <gmd:CI_RoleCode>author</gmd:CI_RoleCode>
                            </gmd:role>
                        </gmd:CI_Responsibility>
                    </gmd:citeResponsibleParty>
                    <gmd:edition>
                        <gco:CharacterString>3:0</gco:CharacterString>
                    </gmd:edition>
                </gmd:CI_Citation>
            </gmd:citation>
            <gmd:resourceConstraints>
                <gmd:MD_LegalConstraints>
                    <gmd:otherConstraints>
                        <gco:CharacterString>NONE</gco:CharacterString>
                    </gmd:otherConstraints>
                </gmd:MD_LegalConstraints>
            </gmd:resourceConstraints>
            <gmd:supplementalInformation>
                <gco:CharacterString/>
            </gmd:supplementalInformation>
            <gmd:abstract>
                <gco:CharacterString>&lt;p&gt;The ON-TP39 site, also known as the CA-TP4 on Global Fluxnet and ON-WPP39 in some of the Fluxnet-Canada Research Network (FCRN)/Canadian Carbon Program (CCP) publications.&lt;/p&gt;  &lt;p&gt;ON-TP39 is the mature eastern white pine (Pinus strobusL.) forest of the Turkey Point Flux Station. It was planted in 1939 (ON-TP39) on cleared oak-savannah land. Meteorological data collection was started in late autumn 2001 and flux measurements were started in June 2002. The data set documented here includes carb
on, water and energy fluxes and meteorological and soil measurements.
&lt;/p&gt;  &lt;p&gt;A unique aspect of Turkey Point Flux Station is its geographic location between the boreal and the broadleaf deciduous forest transition zone. It provides an excellent opportunity to investigate and quantify the strength of the carbon sink or source for planted temperate conifer forests, and its sensitivity to seasonal and annual climate variability. Also white pine is an important species in the North American landscape, because of its ability to adapt to dry environments. It grows eff
iciently on nutrient poor, dry, sandy soils. Generally, it is the first woody species to flourish after a disturbance such as fire or clearing and over longer time periods helps more native forest species to establish through succession. White pine trees can live for about 350–400 years and their height may reach up to 45–60 m. These characteristics make white pine a preferred plantation (afforestation) species in eastern North America.
&lt;/p&gt;  &lt;p&gt;Fluxes, meteorological and soil measurement conducted at this site help us to explore carbon sequestration potential of chronosequence of planted or afforested white pine stands in southern Ontario. The main objectives are (i) to make year-round measurements of energy, water vapour and carbon dioxide (CO2) fluxes and other meteorological variables over mature, middle-aged, young and seedling white pine plantation forests (established in 1939, 1974, 1989 and 2002) (ii) to relate gross ph
otosynthesis and respiration of this stand to environmental factors (iii) determine the effects of seasonal and inter-annual climate variability on net ecosystem produc
tivity, and to better understand the processes of production, storage and transport of soil CO2 and (iv) use these data to further improve process-based photosynthesis and respiration models.
&lt;/p&gt;</gco:CharacterString>
            </gmd:abstract>
            <gmd:additionalDocumentation>
                <gmd:CI_Citation>
                    <gmd:onlineResource>
                        <gmd:CI_OnlineResource>
                            <gmd:linkage>
                                <gco:CharacterString>http://www.sciencedirect.com/science/article/pii/S0168192310000900</gco:CharacterString>
                            </gmd:linkage>
                        </gmd:CI_OnlineResource>
                    </gmd:onlineResource>
                </gmd:CI_Citation>
                <gmd:CI_Citation>
                    <gmd:onlineResource>
                        <gmd:CI_OnlineResource>
                            <gmd:linkage>
                                <gco:CharacterString>http://www.sciencedirect.com/science/article/pii/S0168192310000900</gco:CharacterString>
                            </gmd:linkage>
                        </gmd:CI_OnlineResource>
                    </gmd:onlineResource>
                </gmd:CI_Citation>
                <gmd:CI_Citation>
                    <gmd:otherCitationDetails>
                        <gco:CharacterString>Peichl M., Brodeur J.J., Khomik M., Arain M.A., 2010a. Biometric and eddy-covariance based estimates of carbon fluxes in an age-sequence of temperate pine forests. Agricultural and Forest Meteorology,150:952-965, doi:10.1016/j.agrformet.2010.03.002</gco:CharacterString>
                    </gmd:otherCitationDetails>
                    <gmd:identifier>
                        <gmd:MD_Identifier>
                            <gmd:code>
                                <gco:CharacterString>10.1016/j.agrformet.2010.03.002</gco:CharacterString>
                            </gmd:code>
                        </gmd:MD_Identifier>
                    </gmd:identifier>
                    <gmd:otherCitationDetails>
                        <gco:CharacterString>Peichl M., Brodeur J.J., Khomik M., Arain M.A., 2010a. Biometric and eddy-covariance based estimates of carbon fluxes in an age-sequence of temperate pine forests. Agricultural and Forest Meteorology,150:952-965, doi:10.1016/j.agrformet.2010.03.002</gco:CharacterString>
                    </gmd:otherCitationDetails>
                    <gmd:identifier>
                        <gmd:MD_Identifier>
                            <gmd:code>
                                <gco:CharacterString>10.1016/j.agrformet.2010.03.002</gco:CharacterString>
                            </gmd:code>
                        </gmd:MD_Identifier>
                    </gmd:identifier>
                    <gmd:otherCitationDetails>
                        <gco:CharacterString>Arain, M.A. and Restrepo-Coupe N., 2005. Net Ecosystem Production in an Eastern White Pine plantation in southern Canada. Agricultural and Forest Meteorology, 128: 223-241.</gco:CharacterString>
                    </gmd:otherCitationDetails>
                </gmd:CI_Citation>
                <gmd:CI_Citation>
                    <gmd:onlineResource>
                        <gmd:CI_OnlineResource>
                            <gmd:linkage>
                                <gco:CharacterString>http://research.eeescience.utoledo.edu/lees/papers_pdf/Arain_2005_AFM.pdf</gco:CharacterString>
                            </gmd:linkage>
                        </gmd:CI_OnlineResource>
                    </gmd:onlineResource>
                </gmd:CI_Citation>
            </gmd:additionalDocumentation>
            <gmd:pointOfContact>
                <gmd:CI_Responsibility>
                    <gmd:party>
                        <gmd:CI_Individual>
                            <gmd:name>
                                <gco:CharacterString>Arain, M. Altaf</gco:CharacterString>
                            </gmd:name>
                            <gmd:contactInfo>
                                <gmd:CI_Citation>
                                    <gmd:address>
                                        <gmd:CI_Address>
                                            <gmd:electronicMailAddress>
                                                <gco:CharacterString>arainm@mcmaster.ca</gco:CharacterString>
                                            </gmd:electronicMailAddress>
                                        </gmd:CI_Address>
                                    </gmd:address>
                                </gmd:CI_Citation>
                            </gmd:contactInfo>
                        </gmd:CI_Individual>
                        <gmd:CI_Organisation>
                            <gmd:name>
                                <gco:CharacterString>McMaster University</gco:CharacterString>
                            </gmd:name>
                            <gmd:name>
                                <gco:CharacterString>Scholars Portal Dataverse</gco:CharacterString>
                            </gmd:name>
                        </gmd:CI_Organisation>
                    </gmd:party>
                    <gmd:role>
                        <gmd:CI_RoleCode>pointOfContact</gmd:CI_RoleCode>
                    </gmd:role>
                </gmd:CI_Responsibility>
            </gmd:pointOfContact>
            <gmd:additionalDocumentation>
                <gmd:CI_Citation>
                    <gmd:series>
                        <gmd:CI_Series>
                            <gmd:name>
                                <gco:CharacterString/>
                            </gmd:name>
                        </gmd:CI_Series>
                    </gmd:series>
                    <gmd:otherCitationDetails>
                        <gco:CharacterString>Zha, T.S., A.G. Barr, P.-Y. Bernier, M.B. Lavigne, J.A. Trofymow, B.D. Amiro,  M.A.Arain, J.S. Bhatti, T.A. Black, H.A. Margolis, J.H. McCaughey, Z.S. Xing, K.C.J.  Van Rees, C. Coursolle, 2013. Gross and aboveground net primary production at  Canadian forest carbon flux sites. Agricltural and Forest Meteorology 174-175: 54-64.  doi.org/10.1016/j.agrformet.2013.02.004.</gco:CharacterString>
                    </gmd:otherCitationDetails>
                    <gmd:otherCitationDetails>
                        <gco:CharacterString>Barr A.G., Richardson A.D., Hollinger D.Y., Papale D., Arain M.A., Black T.A., Bohrer  G., Dragoni D., Fischer M.L., Gu L., Law B.E., Margolis H.A., McCaughey J.H.,  Munger J.W., Oechel W., Schaeffer K.., 2013. Use of change-point detection for  friction–velocity threshold evaluation in eddy-covariance studies. Agricultural and  Forest Meteorology 171-172, 31-45. doi.org/10.1016/j.agrformet.2012.11.023.</gco:CharacterString>
                    </gmd:otherCitationDetails>
                    <gmd:otherCitationDetails>
                        <gco:CharacterString>MacKay S.L., Arain M.A., Khomik M., Brodeur J.J., Schumacher J., Hartmann H., and  Peichl M., 2012. The impact of induced drought on transpiration and growth in a  temperate pine plantation forest. Hydrological Processes. 26(12), 1779-1791. doi:  10.1002/hyp.9315.</gco:CharacterString>
                    </gmd:otherCitationDetails>
                    <gmd:otherCitationDetails>
                        <gco:CharacterString>Coursolle, C.; Margolis, H.A.; Giasson, M.-A.; Bernier, P.-Y.; Amiro, B.D.; Arain, M.A.; Barr, A.G.; Black, T.A.; Goulden, M.L.; McCaughey, J.H.; Chen, J.M.; Dunn, A.L.; Grant, R.F.; Lafleur, P.M. 2012. Influence of stand age on the magnitude and seasonality of carbon fluxes in Canadian forests. Agricultural and Forest Meteorology, 165:136-148.</gco:CharacterString>
                    </gmd:otherCitationDetails>
                    <gmd:otherCitationDetails>
                        <gco:CharacterString>Huang S., Arain M.A., Arora V.K., Brodeur J.J, Peichl M., 2011. Analysis of nitrogen controls on carbon and water exchanges in a conifer forest using the CLASS-CTEMN+ model. Ecological Modelling, 222: 3743– 3760. doi:10.1016/j.ecolmodel.2011.09.008.</gco:CharacterString>
                    </gmd:otherCitationDetails>
                    <gmd:otherCitationDetails>
                        <gco:CharacterString>Khomik M., Arain M.A., Brodeur J.J., Peichl M., Restrepo-Coupé N., McLaren J.D., 2010. Relative contribution of soil, foliar and woody tissue respiration to total ecosystem respiration in four pine forests of different ages. Journal of Geophysical Research – Biogeosciences 115, G03024, doi:10.1029/2009JG001089.</gco:CharacterString>
                    </gmd:otherCitationDetails>
                    <gmd:otherCitationDetails>
                        <gco:CharacterString>Peichl M., Arain M.A., Brodeur J.J., 2010b. Age effects on carbon fluxes in temperate pine forests. Agricultural and Forest</gco:CharacterString>
                    </gmd:otherCitationDetails>
                    <gmd:otherCitationDetails>
                        <gco:CharacterString>Peichl M., Arain M.A., Ullah S., Moore T., 2010. Carbon dioxide, methane, and nitrous oxide exchanges in an age-sequence of temperate pine forests. Global Change Biology 16: 2198–2212, doi: 10.1111/j.1365-2486.2009.02066.x</gco:CharacterString>
                    </gmd:otherCitationDetails>
                    <gmd:otherCitationDetails>
                        <gco:CharacterString>Peichl, M., Moore, T., Arain, M.A., Dalva, M., Brodkey, D., and J. McLaren, 2007. Concentrations and fluxes of dissolved organic carbon in an age-sequence of white pine forests in southern Ontario, Canada. Biogeochemistry, 86: 1–17. doi:10.1007/s10533-007-9138-7.</gco:CharacterString>
                    </gmd:otherCitationDetails>
                    <gmd:otherCitationDetails>
                        <gco:CharacterString>Peichl M., and Arain M.A., 2007. Allometry and partitioning of above- and belowground
tree biomass in an age-sequence of white pine forests. Forest Ecology and Management, 253: 68–80. doi:10.1016/j.foreco.2007.07.003.</gco:CharacterString>
                    </gmd:otherCitationDetails>
                    <gmd:otherCitationDetails>
                        <gco:CharacterString>Peichl M., and Arain, M.A., 2006. Above- and belowground ecosystem biomass and carbon pools in an age-sequence of temperate pine plantation forests Agricultural and Forest Meteorology 140: 51-63.</gco:CharacterString>
                    </gmd:otherCitationDetails>
                    <gmd:otherCitationDetails>
                        <gco:CharacterString>Restrepo N. and Arain M.A., 2005. Energy and water exchanges from a temperate pine forest. Hydrological Processes, 19-27-59.</gco:CharacterString>
                    </gmd:otherCitationDetails>
                </gmd:CI_Citation>
            </gmd:additionalDocumentation>
            <gmd:extent>
                <gmd:EX_extent>
                    <gmd:temporalElement>
                        <gmd:EX_TemporalExtent>
                            <gmd:extent>
                                <gmd:TimePeriod>
                                    <gmd:beginPosition>2001</gmd:beginPosition>
                                    <gmd:endPosition>2013</gmd:endPosition>
                                </gmd:TimePeriod>
                            </gmd:extent>
                            <gmd:description>Time Period Covered</gmd:description>
                            <gmd:description>Date of Collection</gmd:description>
                        </gmd:EX_TemporalExtent>
                    </gmd:temporalElement>
                </gmd:EX_extent>
            </gmd:extent>
            <gmd:extent>
                <gmd:EX_extent>
                    <gmd:description>
                        <gco:CharacterString>Canada</gco:CharacterString>
                    </gmd:description>
                </gmd:EX_extent>
            </gmd:extent>
            <gmd:extent>
                <gmd:EX_extent>
                    <gmd:description>
                        <gco:CharacterString>, Turkey Point, Ontario</gco:CharacterString>
                    </gmd:description>
                </gmd:EX_extent>
            </gmd:extent>
            <gmd:extent>
                <gmd:EX_extent>
                    <gmd:geographicElement>
                        <gmd:EX_GeographicBoundingBox>
                            <gmd:westBoundLongitude>
                                <gco:Decimal>-141.0</gco:Decimal>
                            </gmd:westBoundLongitude>
                            <gmd:eastBoundLongitude>
                                <gco:Decimal>-52.636291</gco:Decimal>
                            </gmd:eastBoundLongitude>
                            <gmd:northBoundLatitude>
                                <gco:Decimal>83.110626</gco:Decimal>
                            </gmd:northBoundLatitude>
                            <gmd:southBoundLatitude>
                                <gco:Decimal>41.67598</gco:Decimal>
                            </gmd:southBoundLatitude>
                        </gmd:EX_GeographicBoundingBox>
                    </gmd:geographicElement>
                </gmd:EX_extent>
            </gmd:extent>
        </gmd:MD_DataIdentification>
    </gmd:identificationInfo>
</gmd:MD_Metadata>
