<?xml version="1.0" encoding="UTF-8" standalone="no"?>
<gmd:MD_Metadata xmlns:gmd="http://www.isotc211.org/2005/gmd" xmlns:gco="http://www.isotc211.org/2005/gco" xmlns:gmx="http://www.isotc211.org/2005/gmx" xmlns:xlink="http://www.w3.org/1999/xlink" xmlns:xsi="http://www.w3.org/2001/XMLSchema-instance">
    <gmd:metadataIdentifier>
        <gmd:MD_Identifier>
            <gmd:codeSpace>
                <gco:CharacterString>3fe97e5a-ce5c-33c0-865e-4ca0805ef48f</gco:CharacterString>
            </gmd:codeSpace>
        </gmd:MD_Identifier>
    </gmd:metadataIdentifier>
    <gmd:parentMetadata>
        <gmd:CI_Citation>
            <gmd:title>
                <gco:CharacterString>2016 Census of Canada -  Housing Suitability and Shelter-cost-to-income Ratio by Age of Primary Household Maintainer for BC CSDs [custom tabulation]:</gco:CharacterString>
            </gmd:title>
            <gmd:identifier>
                <gmd:MD_Identifier>
                    <gmd:code>
                        <gco:CharacterString>10.5683/SP2/GGTEYJ</gco:CharacterString>
                    </gmd:code>
                    <gmd:code>
                        <gco:CharacterString>doi</gco:CharacterString>
                    </gmd:code>
                </gmd:MD_Identifier>
            </gmd:identifier>
            <gmd:onlineResource>
                <gmd:CI_OnlineResource>
                    <gmd:linkage>
                        <gco:CharacterString>https://doi.org/10.5683/SP2/GGTEYJ</gco:CharacterString>
                    </gmd:linkage>
                </gmd:CI_OnlineResource>
            </gmd:onlineResource>
            <gmd:citedResponsibilityParty>
                <gmd:CI_Responsibility>
                    <gmd:party>
                        <gmd:CI_Organisation>
                            <gmd:name>
                                <gco:CharacterString>Scholars Portal Dataverse</gco:CharacterString>
                            </gmd:name>
                        </gmd:CI_Organisation>
                    </gmd:party>
                    <gmd:role>
                        <gmd:CI_RoleCode>publisher</gmd:CI_RoleCode>
                    </gmd:role>
                </gmd:CI_Responsibility>
            </gmd:citedResponsibilityParty>
        </gmd:CI_Citation>
    </gmd:parentMetadata>
    <gmd:identificationInfo>
        <gmd:MD_DataIdentification>
            <gmd:citation>
                <gmd:CI_Citation>
                    <gmd:identifier>
                        <gmd:MD_Identifier>
                            <gmd:code>
                                <gco:CharacterString>https://doi.org/10.5683/SP2/GGTEYJ</gco:CharacterString>
                            </gmd:code>
                            <gmd:codeSpace>
                                <gco:CharacterString>doi</gco:CharacterString>
                            </gmd:codeSpace>
                        </gmd:MD_Identifier>
                    </gmd:identifier>
                    <gmd:date>
                        <gmd:CI_Date>
                            <gmd:date>
                                <gco:DateTime>2020-02-24</gco:DateTime>
                            </gmd:date>
                        </gmd:CI_Date>
                        <gmd:CI_Date>
                            <gmd:CI_DateTypeCode>publication</gmd:CI_DateTypeCode>
                        </gmd:CI_Date>
                    </gmd:date>
                    <gmd:title>
                        <gco:CharacterString>2016 Census of Canada -  Housing Suitability and Shelter-cost-to-income Ratio by Age of Primary Household Maintainer for BC CSDs [custom tabulation]</gco:CharacterString>
                    </gmd:title>
                    <gmd:citeResponsibleParty>
                        <gmd:CI_Responsibility>
                            <gmd:party>
                                <gmd:CI_Individual>
                                    <gmd:name>
                                        <gco:CharacterString>Statistics Canada</gco:CharacterString>
                                    </gmd:name>
                                </gmd:CI_Individual>
                            </gmd:party>
                        </gmd:CI_Responsibility>
                        <gmd:CI_Responsibility>
                            <gmd:role>
                                <gmd:CI_RoleCode>author</gmd:CI_RoleCode>
                            </gmd:role>
                        </gmd:CI_Responsibility>
                    </gmd:citeResponsibleParty>
                    <gmd:edition>
                        <gco:CharacterString>2:0</gco:CharacterString>
                    </gmd:edition>
                </gmd:CI_Citation>
            </gmd:citation>
            <gmd:resourceConstraints>
                <gmd:MD_LegalConstraints>
                    <gmd:otherConstraints>
                        <gco:CharacterString>NONE</gco:CharacterString>
                    </gmd:otherConstraints>
                </gmd:MD_LegalConstraints>
            </gmd:resourceConstraints>
            <gmd:supplementalInformation>
                <gco:CharacterString>,.4 (BC_HHType).ivt</gco:CharacterString>
            </gmd:supplementalInformation>
            <gmd:abstract>
                <gco:CharacterString>This dataset includes one dataset which was custom ordered from Statistics Canada.The table includes information on housing suitability and shelter-cost-to-income ratio by number of bedrooms, housing tenure, age of primary household maintainer, household type, and income quartile ranges for census subdivisions in British Columbia.&lt;br&gt;&lt;br&gt;&#13;
&#13;
The dataset is in Beyond 20/20 (.ivt) format. The Beyond 20/20 browser is required in order to open it. This software can be freely downloaded from the Statistics Canada website:&lt;br&gt; https://www.statcan.gc.ca/eng/public/beyond20-20 (Windows only).&lt;br&gt;&#13;
For information on how to use Beyond 20/20, please see:&lt;br&gt;&#13;
http://odesi2.scholarsportal.info/documentation/Beyond2020/beyond20-quickstart.pdf&lt;br&gt;&#13;
https://wiki.ubc.ca/Library:Beyond_20/20_Guide&lt;br&gt;&lt;br&gt;&#13;
&#13;
&#13;
&lt;b&gt;Custom order from Statistics Canada includes the following dimensions and variables:&lt;/b&gt;&#13;
&lt;br&gt;&lt;br&gt;&#13;
Geography: &lt;br&gt;&#13;
Non-reserve CSDs in British Columbia - 299 geographies	&lt;br&gt;		&#13;
The global non-response rate (GNR) is an important measure of census data quality. It combines total non-response (households) and partial non-response (questions). A lower GNR indicates a lower risk of non-response bias and, as a result, a lower risk of inaccuracy. The counts and estimates for geographic areas with a GNR equal to or greater than 50% are not published in the standard products. The counts and estimates for these areas have a high risk of non-response bias, and in most cases, should not be released. &#13;
&lt;br&gt;&lt;br&gt;&#13;
Housing Tenure Including Presence of Mortgage (5)&lt;br&gt;&#13;
1.	Total – Private non-band non-farm off-reserve households with an income greater than zero by housing tenure&lt;br&gt;&#13;
2.	  Households who own&lt;br&gt;&#13;
3.	    With a mortgage1&lt;br&gt;&#13;
4.	    Without a mortgage&lt;br&gt;&#13;
5.	  Households who rent&lt;br&gt;&#13;
Notes: 1) Presence of mortgage - Refers to whether the owner households reported mortgage or loan payments for their dwelling. &lt;br&gt;&lt;br&gt;&#13;
&#13;
2015 Before-tax Household Income Quartile Ranges (5)&lt;br&gt;&#13;
1.	Total – Private households by quartile ranges1, 2, 3&lt;br&gt;&#13;
2.	  Count of households under or at quartile 1&lt;br&gt;&#13;
3.	  Count of households between quartile 1 and quartile 2 (median) (including at quartile 2)&lt;br&gt;&#13;
4.	  Count of households between quartile 2 (median) and quartile 3 (including at quartile 3)&lt;br&gt;&#13;
5.	  Count of households over quartile 3&lt;br&gt;&#13;
Notes: 1) A private household will be assigned to a quartile range depending on its CSD-level location and depending on its tenure (owned and rented). Quartile ranges for owned households in a specific CSD are delimited by the 2015 before-tax income quartiles of owned households with an income greater than zero and residing in non-farm off-reserve dwellings in that CSD. Quartile ranges for rented households in a specific CSD are delimited by the 2015 before-tax income quartiles of rented households with an income greater than zero and residing in non-farm off-reserve dwellings in that CSD.&lt;br&gt;&#13;
2) For the income quartiles dollar values (the delimiters) please refer to Table 1.&lt;br&gt;&#13;
3) Quartiles 1 to 3 are suppressed if the number of actual records used in the calculation (not rounded or weighted) is less than 16. For cases in which the renters’ quartiles or the owners’ quartiles (figures from Table 1) of a CSD are suppressed the CSD is assigned to a quartile range depending on the provincial renters’ or owners’ quartile figures.&lt;br&gt;&lt;br&gt;&#13;
&#13;
Number of Bedrooms (Unit Size) (6)&lt;br&gt;&#13;
1.	Total – Private households by number of bedrooms1&lt;br&gt;&#13;
2.	  0 bedrooms (Bachelor/Studio)&lt;br&gt;&#13;
3.	  1 bedroom&lt;br&gt;&#13;
4.	  2 bedrooms&lt;br&gt;&#13;
5.	  3 bedrooms&lt;br&gt;&#13;
6.	  4 bedrooms&lt;br&gt;&#13;
Note: 1) Dwellings with 5 bedrooms or more included in the total count only.&lt;br&gt;&lt;br&gt;&#13;
&#13;
Housing Suitability (6)&lt;br&gt;&#13;
1.	Total - Housing suitability&lt;br&gt;&#13;
2.	  Suitable&lt;br&gt;&#13;
3.	  Not suitable&lt;br&gt;&#13;
4.	    One bedroom shortfall&lt;br&gt;&#13;
5.	    Two bedroom shortfall&lt;br&gt;&#13;
6.	    Three or more bedroom shortfall&lt;br&gt;&#13;
Note: 1) 'Housing suitability' refers to whether a private household is living in suitable accommodations according to the National Occupancy Standard (NOS); that is, whether the dwelling has enough bedrooms for the size and composition of the household. A household is deemed to be living in suitable accommodations if its dwelling has enough bedrooms, as calculated using the NOS.&lt;br&gt;&#13;
'Housing suitability' assesses the required number of bedrooms for a household based on the age, sex, and relationships among household members. An alternative variable, 'persons per room,' considers all rooms in a private dwelling and the number of household members.&lt;br&gt;&#13;
Housing suitability and the National Occupancy Standard (NOS) on which it is based were developed by Canada Mortgage and Housing Corporation (CMHC) through consultations with provincial housing agencies.&lt;br&gt;&lt;br&gt;&#13;
&#13;
Shelter-cost-to-income-ratio (4) &lt;br&gt;&#13;
1.	Total – Private non-band non-farm off-reserve households with an income greater than zero&lt;br&gt;&#13;
2.	  Spending less than 30% of households total income on shelter costs&lt;br&gt;&#13;
3.	  Spending 30% or more of households total income on shelter costs&lt;br&gt;&#13;
4.	    Spending 50% or more of households total income on shelter costs&lt;br&gt;&#13;
Note: 'Shelter-cost-to-income ratio' refers to the proportion of average total income of household which is spent on shelter costs.&lt;br&gt;&#13;
&#13;
Household Statistics (8)&lt;br&gt;&lt;br&gt;&#13;
1.	Total – Private non-band non-farm off-reserve households with an income greater than zero1&lt;br&gt;&#13;
2.	  Average household income in 2015 ($)2&lt;br&gt;&#13;
3.	  Median household income in 2015 ($)3&lt;br&gt;&#13;
4.	  Quartile 1 of household income in 2015 ($)4&lt;br&gt;&#13;
5.	  Quartile 2 (median) of household income in 2015 ($)4&lt;br&gt;&#13;
6.	  Quartile 3 of household income in 2015 ($)4&lt;br&gt;&#13;
7.	  Average monthly shelter costs ($)2,5&lt;br&gt;&#13;
8.	  Median monthly shelter costs ($)3,5&lt;br&gt;&#13;
Notes: 1) All households statistics are calculated based on the distribution of private households in non-farm off-reserve non-band occupied private dwellings with a before-tax household income greater than zero.&lt;br&gt;&#13;
2) The average is suppressed if the number of actual records used in the calculation (not rounded or weighted) is less than 4. &lt;br&gt;&#13;
3) The median is suppressed if the number of actual records used in the calculation (not rounded or weighted) is less than 8. &lt;br&gt;&#13;
4) Quartiles 1 to 3 are suppressed if the number of actual records used in the calculation (not rounded or weighted) is less than 16.&lt;br&gt;&#13;
5) Shelter costs for owner households include, where applicable, mortgage payments, property taxes and condominium fees, along with the costs of electricity, heat, water and other municipal services. For renter households, shelter costs include, where applicable, the rent and the costs of electricity, heat, water and other municipal services.&lt;br&gt;&lt;br&gt;&#13;
&#13;
Age of Primary Household Maintainer / Household Type (15)&lt;br&gt;&#13;
1.	Total – Private household by age of primary household maintainer&lt;br&gt;&#13;
2.	  15 – 29&lt;br&gt;&#13;
3.	  30 – 44&lt;br&gt;&#13;
4.	  45 – 64&lt;br&gt;&#13;
5.	  55 and over&lt;br&gt;&#13;
6.	  60 and over&lt;br&gt;&#13;
7.	  65 and over&lt;br&gt;&#13;
8.	Total – Private households by household type&lt;br&gt;&#13;
9.	  One-family couple households without children and without additional non-family persons (2 persons only)&lt;br&gt;&#13;
10.	  One-family couple households with census family children under 18 years of age and without additional non-family persons&lt;br&gt;&#13;
11.	  Male-lone-parent family household with census family children under 18 years of age and without additional non-family persons&lt;br&gt;&#13;
12.	  Female-lone-parent family household with census family children under 18 years of age and without additional non-family persons&lt;br&gt;&#13;
13.	  Other household types&lt;br&gt;&#13;
14.	    All other family household types1&lt;br&gt;&#13;
15.	    Non-family households2&lt;br&gt;&#13;
Notes: 1) Included are one-family households with census children aged 18 and over and no younger and without additional non-family persons; all one-family households with additional non-family persons; and multiple-family households.&lt;br&gt;&#13;
2) Non-family household refers to either one person living alone in a private dwelling or to a group of two or more people who share a private dwelling, but who do not constitute a census family.&lt;br&gt;&lt;br&gt;&#13;
&#13;
&#13;
Original file name: CRO0163850_CT.4 (BC_HHType).ivt</gco:CharacterString>
            </gmd:abstract>
            <gmd:topicCategory>
                <gco:CharacterString>Social Sciences</gco:CharacterString>
            </gmd:topicCategory>
            <gmd:descriptiveKeywords>
                <gmd:MD_Keywords>
                    <gmd:MD_KeywordTypeCode>
                        <gmd:type>
                            <gmd:MD_KeywordTypeCode>subTopicCategory</gmd:MD_KeywordTypeCode>
                        </gmd:type>
                    </gmd:MD_KeywordTypeCode>
                </gmd:MD_Keywords>
            </gmd:descriptiveKeywords>
            <gmd:pointOfContact>
                <gmd:CI_Responsibility>
                    <gmd:party>
                        <gmd:CI_Individual>
                            <gmd:name>
                                <gco:CharacterString>Jones, Craig</gco:CharacterString>
                            </gmd:name>
                            <gmd:contactInfo>
                                <gmd:CI_Citation>
                                    <gmd:address>
                                        <gmd:CI_Address>
                                            <gmd:electronicMailAddress>
                                                <gco:CharacterString>hrc.coordinator@ubc.ca</gco:CharacterString>
                                            </gmd:electronicMailAddress>
                                        </gmd:CI_Address>
                                    </gmd:address>
                                </gmd:CI_Citation>
                            </gmd:contactInfo>
                        </gmd:CI_Individual>
                        <gmd:CI_Organisation>
                            <gmd:name>
                                <gco:CharacterString>University of British Columbia</gco:CharacterString>
                            </gmd:name>
                            <gmd:name>
                                <gco:CharacterString>Scholars Portal Dataverse</gco:CharacterString>
                            </gmd:name>
                        </gmd:CI_Organisation>
                    </gmd:party>
                    <gmd:role>
                        <gmd:CI_RoleCode>pointOfContact</gmd:CI_RoleCode>
                    </gmd:role>
                </gmd:CI_Responsibility>
            </gmd:pointOfContact>
            <gmd:additionalDocumentation>
                <gmd:CI_Citation>
                    <gmd:series>
                        <gmd:CI_Series>
                            <gmd:name>
                                <gco:CharacterString>Custom Census Order - CRO0163850</gco:CharacterString>
                            </gmd:name>
                        </gmd:CI_Series>
                    </gmd:series>
                </gmd:CI_Citation>
            </gmd:additionalDocumentation>
            <gmd:credit>
                <gco:CharacterString>British Columbia Non-Profit Housing Association: Sponsor</gco:CharacterString>
            </gmd:credit>
            <gmd:credit>
                <gco:CharacterString>Clifford, Brian: Data Curator</gco:CharacterString>
            </gmd:credit>
            <gmd:extent>
                <gmd:EX_extent>
                    <gmd:temporalElement>
                        <gmd:EX_TemporalExtent>
                            <gmd:description>Time Period Covered</gmd:description>
                            <gmd:description>Date of Collection</gmd:description>
                        </gmd:EX_TemporalExtent>
                    </gmd:temporalElement>
                </gmd:EX_extent>
            </gmd:extent>
            <gmd:extent>
                <gmd:EX_extent>
                    <gmd:description>
                        <gco:CharacterString>Canada, British Columbia</gco:CharacterString>
                    </gmd:description>
                </gmd:EX_extent>
            </gmd:extent>
            <gmd:extent>
                <gmd:EX_extent>
                    <gmd:description>
                        <gco:CharacterString>Census Subdivisions</gco:CharacterString>
                    </gmd:description>
                </gmd:EX_extent>
            </gmd:extent>
            <gmd:extent>
                <gmd:EX_extent>
                    <gmd:geographicElement>
                        <gmd:EX_GeographicBoundingBox>
                            <gmd:westBoundLongitude>
                                <gco:Decimal>-139.0522</gco:Decimal>
                            </gmd:westBoundLongitude>
                            <gmd:eastBoundLongitude>
                                <gco:Decimal>-114.05422</gco:Decimal>
                            </gmd:eastBoundLongitude>
                            <gmd:northBoundLatitude>
                                <gco:Decimal>60.00006</gco:Decimal>
                            </gmd:northBoundLatitude>
                            <gmd:southBoundLatitude>
                                <gco:Decimal>48.30892</gco:Decimal>
                            </gmd:southBoundLatitude>
                        </gmd:EX_GeographicBoundingBox>
                    </gmd:geographicElement>
                </gmd:EX_extent>
            </gmd:extent>
        </gmd:MD_DataIdentification>
    </gmd:identificationInfo>
    <gmd:distributionInfo>
        <gmd:MD_Distribution>
            <gmd:distributor>
                <gmd:MD_Distributor>
                    <gmd:distributorContact>
                        <gmd:CI_Responsibility>
                            <gmd:party>
                                <gmd:CI_Organisation>
                                    <gmd:name>
                                        <gco:CharacterString>Tinsley, Mikayla</gco:CharacterString>
                                    </gmd:name>
                                </gmd:CI_Organisation>
                            </gmd:party>
                            <gmd:role>
                                <gmd:CI_RoleCode>originator</gmd:CI_RoleCode>
                            </gmd:role>
                        </gmd:CI_Responsibility>
                    </gmd:distributorContact>
                </gmd:MD_Distributor>
            </gmd:distributor>
        </gmd:MD_Distribution>
    </gmd:distributionInfo>
</gmd:MD_Metadata>
