<?xml version="1.0" encoding="UTF-8" standalone="no"?>
<gmd:MD_Metadata xmlns:gmd="http://www.isotc211.org/2005/gmd" xmlns:gco="http://www.isotc211.org/2005/gco" xmlns:gmx="http://www.isotc211.org/2005/gmx" xmlns:xlink="http://www.w3.org/1999/xlink" xmlns:xsi="http://www.w3.org/2001/XMLSchema-instance">
    <gmd:metadataIdentifier>
        <gmd:MD_Identifier>
            <gmd:codeSpace>
                <gco:CharacterString>09a59d50-4cfe-3a94-9ece-e6ee3a390502</gco:CharacterString>
            </gmd:codeSpace>
        </gmd:MD_Identifier>
    </gmd:metadataIdentifier>
    <gmd:parentMetadata>
        <gmd:CI_Citation>
            <gmd:title>
                <gco:CharacterString>Assessment of the fecal microbiota in beef calves :</gco:CharacterString>
            </gmd:title>
            <gmd:identifier>
                <gmd:MD_Identifier>
                    <gmd:code>
                        <gco:CharacterString>10.5683/SP/NGGWEG</gco:CharacterString>
                    </gmd:code>
                    <gmd:code>
                        <gco:CharacterString>doi</gco:CharacterString>
                    </gmd:code>
                </gmd:MD_Identifier>
            </gmd:identifier>
            <gmd:onlineResource>
                <gmd:CI_OnlineResource>
                    <gmd:linkage>
                        <gco:CharacterString>https://doi.org/10.5683/SP/NGGWEG</gco:CharacterString>
                    </gmd:linkage>
                </gmd:CI_OnlineResource>
            </gmd:onlineResource>
            <gmd:citedResponsibilityParty>
                <gmd:CI_Responsibility>
                    <gmd:party>
                        <gmd:CI_Organisation>
                            <gmd:name>
                                <gco:CharacterString>Scholars Portal Dataverse</gco:CharacterString>
                            </gmd:name>
                        </gmd:CI_Organisation>
                    </gmd:party>
                    <gmd:role>
                        <gmd:CI_RoleCode>publisher</gmd:CI_RoleCode>
                    </gmd:role>
                </gmd:CI_Responsibility>
            </gmd:citedResponsibilityParty>
        </gmd:CI_Citation>
    </gmd:parentMetadata>
    <gmd:identificationInfo>
        <gmd:MD_DataIdentification>
            <gmd:citation>
                <gmd:CI_Citation>
                    <gmd:identifier>
                        <gmd:MD_Identifier>
                            <gmd:code>
                                <gco:CharacterString>https://doi.org/10.5683/SP/NGGWEG</gco:CharacterString>
                            </gmd:code>
                            <gmd:codeSpace>
                                <gco:CharacterString>doi</gco:CharacterString>
                            </gmd:codeSpace>
                        </gmd:MD_Identifier>
                    </gmd:identifier>
                    <gmd:date>
                        <gmd:CI_Date>
                            <gmd:date>
                                <gco:DateTime>2016-10-18</gco:DateTime>
                            </gmd:date>
                        </gmd:CI_Date>
                        <gmd:CI_Date>
                            <gmd:CI_DateTypeCode>publication</gmd:CI_DateTypeCode>
                        </gmd:CI_Date>
                    </gmd:date>
                    <gmd:title>
                        <gco:CharacterString>Assessment of the fecal microbiota in beef calves </gco:CharacterString>
                    </gmd:title>
                    <gmd:citeResponsibleParty>
                        <gmd:CI_Responsibility>
                            <gmd:party>
                                <gmd:CI_Individual>
                                    <gmd:name>
                                        <gco:CharacterString>Weese, Scott</gco:CharacterString>
                                    </gmd:name>
                                </gmd:CI_Individual>
                            </gmd:party>
                            <gmd:party>
                                <gmd:CI_Organisation>
                                    <gmd:name>
                                        <gco:CharacterString>Department of Pathobiology. Ontario Veterinary College. University of Guelph.</gco:CharacterString>
                                    </gmd:name>
                                </gmd:CI_Organisation>
                            </gmd:party>
                        </gmd:CI_Responsibility>
                        <gmd:CI_Responsibility>
                            <gmd:party>
                                <gmd:CI_Individual>
                                    <gmd:name>
                                        <gco:CharacterString>Jelinski, Murray</gco:CharacterString>
                                    </gmd:name>
                                </gmd:CI_Individual>
                            </gmd:party>
                            <gmd:party>
                                <gmd:CI_Organisation>
                                    <gmd:name>
                                        <gco:CharacterString>Western College of Veterinary Medicine. University of Saskatchewan.</gco:CharacterString>
                                    </gmd:name>
                                </gmd:CI_Organisation>
                            </gmd:party>
                        </gmd:CI_Responsibility>
                        <gmd:CI_Responsibility>
                            <gmd:role>
                                <gmd:CI_RoleCode>author</gmd:CI_RoleCode>
                            </gmd:role>
                        </gmd:CI_Responsibility>
                    </gmd:citeResponsibleParty>
                    <gmd:edition>
                        <gco:CharacterString>1:5</gco:CharacterString>
                    </gmd:edition>
                </gmd:CI_Citation>
            </gmd:citation>
            <gmd:resourceConstraints>
                <gmd:MD_LegalConstraints>
                    <gmd:otherConstraints>
                        <gco:CharacterString>NONE</gco:CharacterString>
                    </gmd:otherConstraints>
                </gmd:MD_LegalConstraints>
            </gmd:resourceConstraints>
            <gmd:supplementalInformation>
                <gco:CharacterString>FileTypes: .fastq</gco:CharacterString>
            </gmd:supplementalInformation>
            <gmd:abstract>
                <gco:CharacterString>This study evaluated the fecal bacterial microbiota of calves on multiple farms and assessed the impact of antibiotic use and farm on the microbiota. </gco:CharacterString>
            </gmd:abstract>
            <gmd:topicCategory>
                <gco:CharacterString>Medicine, Health and Life Sciences</gco:CharacterString>
            </gmd:topicCategory>
            <gmd:descriptiveKeywords>
                <gmd:MD_Keywords>
                    <gmd:keyword>
                        <gco:CharacterString>microbiota</gco:CharacterString>
                    </gmd:keyword>
                    <gmd:keyword>
                        <gco:CharacterString>gastroenterology</gco:CharacterString>
                    </gmd:keyword>
                    <gmd:keyword>
                        <gco:CharacterString>antimicrobials</gco:CharacterString>
                    </gmd:keyword>
                    <gmd:keyword>
                        <gco:CharacterString>cattle</gco:CharacterString>
                    </gmd:keyword>
                    <gmd:MD_KeywordTypeCode>
                        <gmd:type>
                            <gmd:MD_KeywordTypeCode>subTopicCategory</gmd:MD_KeywordTypeCode>
                        </gmd:type>
                    </gmd:MD_KeywordTypeCode>
                </gmd:MD_Keywords>
                <gmd:MD_Keywords>
                    <gmd:keyword>
                        <gco:CharacterString>microbiota</gco:CharacterString>
                    </gmd:keyword>
                    <gmd:thesaurusName>
                        <gmd:CI_Citation>
                            <gmd:title>
                                <gco:CharacterString>Medical Subject Headings</gco:CharacterString>
                            </gmd:title>
                        </gmd:CI_Citation>
                    </gmd:thesaurusName>
                    <gmd:keyword>
                        <gco:CharacterString>gastroenterology</gco:CharacterString>
                    </gmd:keyword>
                    <gmd:thesaurusName>
                        <gmd:CI_Citation>
                            <gmd:title>
                                <gco:CharacterString>Medical Subject Headings</gco:CharacterString>
                            </gmd:title>
                        </gmd:CI_Citation>
                    </gmd:thesaurusName>
                    <gmd:keyword>
                        <gco:CharacterString>bovine diseases</gco:CharacterString>
                    </gmd:keyword>
                    <gmd:thesaurusName>
                        <gmd:CI_Citation>
                            <gmd:title>
                                <gco:CharacterString>Medical Subject Headings</gco:CharacterString>
                            </gmd:title>
                        </gmd:CI_Citation>
                    </gmd:thesaurusName>
                    <gmd:keyword>
                        <gco:CharacterString>antibiotics</gco:CharacterString>
                    </gmd:keyword>
                    <gmd:thesaurusName>
                        <gmd:CI_Citation>
                            <gmd:title>
                                <gco:CharacterString>Medical Subject Headings</gco:CharacterString>
                            </gmd:title>
                        </gmd:CI_Citation>
                    </gmd:thesaurusName>
                    <gmd:MD_KeywordTypeCode>subTopicCategory,</gmd:MD_KeywordTypeCode>
                </gmd:MD_Keywords>
            </gmd:descriptiveKeywords>
            <gmd:additionalDocumentation>
                <gmd:CI_Citation>
                    <gmd:otherCitationDetails>
                        <gco:CharacterString>Weese, J.S. and Jelinski, M. (2017), Assessment of the Fecal Microbiota in Beef Calves. J Vet Intern Med, 31: 176–185. doi:10.1111/jvim.14611</gco:CharacterString>
                    </gmd:otherCitationDetails>
                    <gmd:identifier>
                        <gmd:MD_Identifier>
                            <gmd:codeSpace>
                                <gco:CharacterString>doi</gco:CharacterString>
                            </gmd:codeSpace>
                        </gmd:MD_Identifier>
                        <gmd:MD_Identifier>
                            <gmd:code>
                                <gco:CharacterString>10.1111/jvim.14611</gco:CharacterString>
                            </gmd:code>
                        </gmd:MD_Identifier>
                    </gmd:identifier>
                </gmd:CI_Citation>
                <gmd:CI_Citation>
                    <gmd:onlineResource>
                        <gmd:CI_OnlineResource>
                            <gmd:linkage>
                                <gco:CharacterString>http://dx.doi.org/10.1111/jvim.14611</gco:CharacterString>
                            </gmd:linkage>
                        </gmd:CI_OnlineResource>
                    </gmd:onlineResource>
                </gmd:CI_Citation>
            </gmd:additionalDocumentation>
            <gmd:pointOfContact>
                <gmd:CI_Responsibility>
                    <gmd:party>
                        <gmd:CI_Individual>
                            <gmd:name>
                                <gco:CharacterString>Weese, Scott</gco:CharacterString>
                            </gmd:name>
                            <gmd:contactInfo>
                                <gmd:CI_Citation>
                                    <gmd:address>
                                        <gmd:CI_Address>
                                            <gmd:electronicMailAddress>
                                                <gco:CharacterString>jsweese@uoguelph.ca</gco:CharacterString>
                                            </gmd:electronicMailAddress>
                                        </gmd:CI_Address>
                                    </gmd:address>
                                </gmd:CI_Citation>
                            </gmd:contactInfo>
                        </gmd:CI_Individual>
                        <gmd:CI_Organisation>
                            <gmd:name>
                                <gco:CharacterString>Department of Pathobiology. Ontario Veterinary College. University of Guelph.</gco:CharacterString>
                            </gmd:name>
                            <gmd:name>
                                <gco:CharacterString>Scholars Portal Dataverse</gco:CharacterString>
                            </gmd:name>
                        </gmd:CI_Organisation>
                    </gmd:party>
                    <gmd:role>
                        <gmd:CI_RoleCode>pointOfContact</gmd:CI_RoleCode>
                    </gmd:role>
                </gmd:CI_Responsibility>
            </gmd:pointOfContact>
            <gmd:credit>
                <gco:CharacterString>NSERC: NSERC Discovery Grant</gco:CharacterString>
            </gmd:credit>
            <gmd:extent>
                <gmd:EX_extent>
                    <gmd:temporalElement>
                        <gmd:EX_TemporalExtent>
                            <gmd:extent>
                                <gmd:TimePeriod>
                                    <gmd:beginPosition>2013-04-17</gmd:beginPosition>
                                    <gmd:endPosition>2013-05-31</gmd:endPosition>
                                </gmd:TimePeriod>
                            </gmd:extent>
                            <gmd:description>Time Period Covered</gmd:description>
                            <gmd:extent>
                                <gmd:TimePeriod>
                                    <gmd:beginPosition>2013-04-17</gmd:beginPosition>
                                    <gmd:endPosition>2013-05-31</gmd:endPosition>
                                </gmd:TimePeriod>
                            </gmd:extent>
                            <gmd:description>Date of Collection</gmd:description>
                        </gmd:EX_TemporalExtent>
                    </gmd:temporalElement>
                </gmd:EX_extent>
            </gmd:extent>
            <gmd:extent>
                <gmd:EX_extent>
                    <gmd:description>
                        <gco:CharacterString>Canada</gco:CharacterString>
                    </gmd:description>
                </gmd:EX_extent>
            </gmd:extent>
            <gmd:extent>
                <gmd:EX_extent>
                    <gmd:geographicElement>
                        <gmd:EX_GeographicBoundingBox>
                            <gmd:westBoundLongitude>
                                <gco:Decimal>-141.0</gco:Decimal>
                            </gmd:westBoundLongitude>
                            <gmd:eastBoundLongitude>
                                <gco:Decimal>-52.636291</gco:Decimal>
                            </gmd:eastBoundLongitude>
                            <gmd:northBoundLatitude>
                                <gco:Decimal>83.110626</gco:Decimal>
                            </gmd:northBoundLatitude>
                            <gmd:southBoundLatitude>
                                <gco:Decimal>41.67598</gco:Decimal>
                            </gmd:southBoundLatitude>
                        </gmd:EX_GeographicBoundingBox>
                    </gmd:geographicElement>
                </gmd:EX_extent>
            </gmd:extent>
            <gmd:pointOfContact>
                <gmd:CI_Responsibility>
                    <gmd:party>
                        <gmd:CI_Organisation>
                            <gmd:name>
                                <gco:CharacterString>Weese, Scott</gco:CharacterString>
                            </gmd:name>
                        </gmd:CI_Organisation>
                    </gmd:party>
                </gmd:CI_Responsibility>
            </gmd:pointOfContact>
            <gmd:pointOfContact>
                <gmd:CI_Responsibility>
                    <gmd:CI_RoleCode>contributor</gmd:CI_RoleCode>
                </gmd:CI_Responsibility>
            </gmd:pointOfContact>
        </gmd:MD_DataIdentification>
    </gmd:identificationInfo>
    <gmd:distributionInfo>
        <gmd:MD_Distribution>
            <gmd:distributor>
                <gmd:MD_Distributor>
                    <gmd:distributorContact>
                        <gmd:CI_Responsibility>
                            <gmd:party>
                                <gmd:CI_Organisation>
                                    <gmd:name>
                                        <gco:CharacterString>University of Guelph Research Data Repository</gco:CharacterString>
                                    </gmd:name>
                                </gmd:CI_Organisation>
                            </gmd:party>
                            <gmd:role>
                                <gmd:CI_RoleCode>distributor</gmd:CI_RoleCode>
                            </gmd:role>
                        </gmd:CI_Responsibility>
                        <gmd:CI_Responsibility>
                            <gmd:party>
                                <gmd:CI_Organisation>
                                    <gmd:name>
                                        <gco:CharacterString>Weese, Scott</gco:CharacterString>
                                    </gmd:name>
                                </gmd:CI_Organisation>
                            </gmd:party>
                            <gmd:role>
                                <gmd:CI_RoleCode>originator</gmd:CI_RoleCode>
                            </gmd:role>
                        </gmd:CI_Responsibility>
                    </gmd:distributorContact>
                </gmd:MD_Distributor>
            </gmd:distributor>
        </gmd:MD_Distribution>
    </gmd:distributionInfo>
</gmd:MD_Metadata>
