<?xml version="1.0" encoding="UTF-8" standalone="no"?>
<gmd:MD_Metadata xmlns:gmd="http://www.isotc211.org/2005/gmd" xmlns:gco="http://www.isotc211.org/2005/gco" xmlns:gmx="http://www.isotc211.org/2005/gmx" xmlns:xlink="http://www.w3.org/1999/xlink" xmlns:xsi="http://www.w3.org/2001/XMLSchema-instance">
    <gmd:metadataIdentifier>
        <gmd:MD_Identifier>
            <gmd:codeSpace>
                <gco:CharacterString>497070a5-d909-3adf-bd52-49a63fd7f487</gco:CharacterString>
            </gmd:codeSpace>
        </gmd:MD_Identifier>
    </gmd:metadataIdentifier>
    <gmd:parentMetadata>
        <gmd:CI_Citation>
            <gmd:title>
                <gco:CharacterString>Manitobans and Gambling II (2007) [Canada]:</gco:CharacterString>
            </gmd:title>
            <gmd:identifier>
                <gmd:MD_Identifier>
                    <gmd:code>
                        <gco:CharacterString>10.5683/SP2/ZDAHQG</gco:CharacterString>
                    </gmd:code>
                    <gmd:code>
                        <gco:CharacterString>doi</gco:CharacterString>
                    </gmd:code>
                </gmd:MD_Identifier>
            </gmd:identifier>
            <gmd:onlineResource>
                <gmd:CI_OnlineResource>
                    <gmd:linkage>
                        <gco:CharacterString>https://doi.org/10.5683/SP2/ZDAHQG</gco:CharacterString>
                    </gmd:linkage>
                </gmd:CI_OnlineResource>
            </gmd:onlineResource>
            <gmd:citedResponsibilityParty>
                <gmd:CI_Responsibility>
                    <gmd:party>
                        <gmd:CI_Organisation>
                            <gmd:name>
                                <gco:CharacterString>Scholars Portal Dataverse</gco:CharacterString>
                            </gmd:name>
                        </gmd:CI_Organisation>
                    </gmd:party>
                    <gmd:role>
                        <gmd:CI_RoleCode>publisher</gmd:CI_RoleCode>
                    </gmd:role>
                </gmd:CI_Responsibility>
            </gmd:citedResponsibilityParty>
        </gmd:CI_Citation>
    </gmd:parentMetadata>
    <gmd:identificationInfo>
        <gmd:MD_DataIdentification>
            <gmd:citation>
                <gmd:CI_Citation>
                    <gmd:identifier>
                        <gmd:MD_Identifier>
                            <gmd:code>
                                <gco:CharacterString>https://doi.org/10.5683/SP2/ZDAHQG</gco:CharacterString>
                            </gmd:code>
                            <gmd:codeSpace>
                                <gco:CharacterString>doi</gco:CharacterString>
                            </gmd:codeSpace>
                        </gmd:MD_Identifier>
                    </gmd:identifier>
                    <gmd:date>
                        <gmd:CI_Date>
                            <gmd:date>
                                <gco:DateTime>2018-10-30</gco:DateTime>
                            </gmd:date>
                        </gmd:CI_Date>
                        <gmd:CI_Date>
                            <gmd:CI_DateTypeCode>publication</gmd:CI_DateTypeCode>
                        </gmd:CI_Date>
                    </gmd:date>
                    <gmd:title>
                        <gco:CharacterString>Manitobans and Gambling II (2007) [Canada]</gco:CharacterString>
                    </gmd:title>
                    <gmd:citeResponsibleParty>
                        <gmd:CI_Responsibility>
                            <gmd:party>
                                <gmd:CI_Individual>
                                    <gmd:name>
                                        <gco:CharacterString>Manitoba Gaming Control Commission</gco:CharacterString>
                                    </gmd:name>
                                </gmd:CI_Individual>
                            </gmd:party>
                        </gmd:CI_Responsibility>
                        <gmd:CI_Responsibility>
                            <gmd:role>
                                <gmd:CI_RoleCode>author</gmd:CI_RoleCode>
                            </gmd:role>
                        </gmd:CI_Responsibility>
                    </gmd:citeResponsibleParty>
                    <gmd:edition>
                        <gco:CharacterString>2:1</gco:CharacterString>
                    </gmd:edition>
                </gmd:CI_Citation>
            </gmd:citation>
            <gmd:resourceConstraints>
                <gmd:MD_LegalConstraints>
                    <gmd:otherConstraints>
                        <gco:CharacterString>NONE</gco:CharacterString>
                    </gmd:otherConstraints>
                </gmd:MD_LegalConstraints>
            </gmd:resourceConstraints>
            <gmd:supplementalInformation>
                <gco:CharacterString>FileTypes: .pdf</gco:CharacterString>
            </gmd:supplementalInformation>
            <gmd:abstract>
                <gco:CharacterString>&lt;p&gt;The &lt;em&gt;Manitobans and Gambling II (2007)&lt;/em&gt; study was developed by the Manitoba Gaming Control Commission (MGCC), an organization responsible for ensuring that accurate information about gambling was available to guide responsible gambling initiatives in the province. The purpose of this survey was to obtain a comprehensive picture of adult Manitobans’ current gambling attitudes, awareness, knowledge and behaviours. This study is the second phase of the &lt;em&gt;Manitobans and Gambling&lt;/em&gt; series, which began in 2004 and was conducted in three-year cycles (2004, 2007, 2010). This study gathers data with respect to: &#13;
&lt;ul&gt;&#13;
&lt;li&gt;Demographic characteristics;&lt;/li&gt;&#13;
&lt;li&gt;Participation in gambling activities;&lt;/li&gt;&#13;
&lt;li&gt;Beliefs and knowledge of gambling myths;&lt;/li&gt;&#13;
&lt;li&gt;Definitions of responsible gambling;&lt;/li&gt;&#13;
&lt;li&gt;Ability to recognize problem gambling signs in people;&lt;/li&gt;&#13;
&lt;li&gt;Awareness of gambling education campaigns, and;&lt;/li&gt;&#13;
&lt;li&gt;Awareness of the MGCC and its purpose&lt;/li&gt; &#13;
&lt;/ul&gt;&#13;
&lt;p&gt;A representative, random sample of Manitoba’s population was developed and quotas were put in place to ensure accurate representation by gender and region. A total of 1,200 adults in Manitoba contacted by the Kisquared research firm participated in a telephone survey. The survey response rate was 29%. Responses are accurate within +/-3.12%, or 19 times out of 20. To compensate for a low response rate, weights derived from the 2001 Canadian Census were applied.&lt;/p&gt; </gco:CharacterString>
            </gmd:abstract>
            <gmd:topicCategory>
                <gco:CharacterString>Medicine, Health and Life Sciences</gco:CharacterString>
            </gmd:topicCategory>
            <gmd:descriptiveKeywords>
                <gmd:MD_Keywords>
                    <gmd:keyword>
                        <gco:CharacterString>gambling </gco:CharacterString>
                    </gmd:keyword>
                    <gmd:keyword>
                        <gco:CharacterString>gambling involvement </gco:CharacterString>
                    </gmd:keyword>
                    <gmd:keyword>
                        <gco:CharacterString>prevalence</gco:CharacterString>
                    </gmd:keyword>
                    <gmd:keyword>
                        <gco:CharacterString>problem gambling</gco:CharacterString>
                    </gmd:keyword>
                    <gmd:MD_KeywordTypeCode>
                        <gmd:type>
                            <gmd:MD_KeywordTypeCode>subTopicCategory</gmd:MD_KeywordTypeCode>
                        </gmd:type>
                    </gmd:MD_KeywordTypeCode>
                </gmd:MD_Keywords>
                <gmd:MD_Keywords>
                    <gmd:keyword>
                        <gco:CharacterString>Gambling</gco:CharacterString>
                    </gmd:keyword>
                    <gmd:thesaurusName>
                        <gmd:CI_Citation>
                            <gmd:title>
                                <gco:CharacterString>LOC Subject Headings</gco:CharacterString>
                            </gmd:title>
                            <gmd:onlineResource>
                                <gmd:CI_OnlineResource>
                                    <gmd:linkage>
                                        <gco:CharacterString>http://id.loc.gov/authorities/subjects.html</gco:CharacterString>
                                    </gmd:linkage>
                                </gmd:CI_OnlineResource>
                            </gmd:onlineResource>
                        </gmd:CI_Citation>
                    </gmd:thesaurusName>
                    <gmd:keyword>
                        <gco:CharacterString>Gambling--Psychological aspects</gco:CharacterString>
                    </gmd:keyword>
                    <gmd:thesaurusName>
                        <gmd:CI_Citation>
                            <gmd:title>
                                <gco:CharacterString>LOC Subject Headings</gco:CharacterString>
                            </gmd:title>
                            <gmd:onlineResource>
                                <gmd:CI_OnlineResource>
                                    <gmd:linkage>
                                        <gco:CharacterString>http://www.loc.gov/catdir/cpso/lcco/</gco:CharacterString>
                                    </gmd:linkage>
                                </gmd:CI_OnlineResource>
                            </gmd:onlineResource>
                        </gmd:CI_Citation>
                    </gmd:thesaurusName>
                    <gmd:keyword>
                        <gco:CharacterString>Research</gco:CharacterString>
                    </gmd:keyword>
                    <gmd:thesaurusName>
                        <gmd:CI_Citation>
                            <gmd:title>
                                <gco:CharacterString>LOC Subject Headings</gco:CharacterString>
                            </gmd:title>
                            <gmd:onlineResource>
                                <gmd:CI_OnlineResource>
                                    <gmd:linkage>
                                        <gco:CharacterString>http://www.loc.gov/catdir/cpso/lcco/</gco:CharacterString>
                                    </gmd:linkage>
                                </gmd:CI_OnlineResource>
                            </gmd:onlineResource>
                        </gmd:CI_Citation>
                    </gmd:thesaurusName>
                    <gmd:keyword>
                        <gco:CharacterString>Gambling and betting</gco:CharacterString>
                    </gmd:keyword>
                    <gmd:thesaurusName>
                        <gmd:CI_Citation>
                            <gmd:title>
                                <gco:CharacterString>ICD-10</gco:CharacterString>
                            </gmd:title>
                            <gmd:onlineResource>
                                <gmd:CI_OnlineResource>
                                    <gmd:linkage>
                                        <gco:CharacterString>http://apps.who.int/classifications/icd10/browse/2010/en#/Z72.6</gco:CharacterString>
                                    </gmd:linkage>
                                </gmd:CI_OnlineResource>
                            </gmd:onlineResource>
                        </gmd:CI_Citation>
                    </gmd:thesaurusName>
                    <gmd:MD_KeywordTypeCode>subTopicCategory,</gmd:MD_KeywordTypeCode>
                </gmd:MD_Keywords>
            </gmd:descriptiveKeywords>
            <gmd:additionalDocumentation>
                <gmd:CI_Citation>
                    <gmd:otherCitationDetails>
                        <gco:CharacterString>Manitoba Gaming Control Commission. (2007). Manitobans and Gambling II. Retrieved from</gco:CharacterString>
                    </gmd:otherCitationDetails>
                    <gmd:identifier>
                        <gmd:MD_Identifier>
                            <gmd:codeSpace>
                                <gco:CharacterString>url</gco:CharacterString>
                            </gmd:codeSpace>
                        </gmd:MD_Identifier>
                    </gmd:identifier>
                </gmd:CI_Citation>
            </gmd:additionalDocumentation>
            <gmd:defaultLocale>
                <gmd:PT_Locale>
                    <gmd:defaultLocale>
                        <gco:LanguageCode>English</gco:LanguageCode>
                    </gmd:defaultLocale>
                </gmd:PT_Locale>
            </gmd:defaultLocale>
            <gmd:pointOfContact>
                <gmd:CI_Responsibility>
                    <gmd:party>
                        <gmd:CI_Individual>
                            <gmd:name>
                                <gco:CharacterString>GREO, Evidence Centre</gco:CharacterString>
                            </gmd:name>
                            <gmd:contactInfo>
                                <gmd:CI_Citation>
                                    <gmd:address>
                                        <gmd:CI_Address>
                                            <gmd:electronicMailAddress>
                                                <gco:CharacterString>dataset@greo.ca</gco:CharacterString>
                                            </gmd:electronicMailAddress>
                                        </gmd:CI_Address>
                                    </gmd:address>
                                </gmd:CI_Citation>
                            </gmd:contactInfo>
                        </gmd:CI_Individual>
                        <gmd:CI_Organisation>
                            <gmd:name>
                                <gco:CharacterString>Gambling Research Exchange Ontario</gco:CharacterString>
                            </gmd:name>
                            <gmd:name>
                                <gco:CharacterString>Scholars Portal Dataverse</gco:CharacterString>
                            </gmd:name>
                        </gmd:CI_Organisation>
                    </gmd:party>
                    <gmd:role>
                        <gmd:CI_RoleCode>pointOfContact</gmd:CI_RoleCode>
                    </gmd:role>
                </gmd:CI_Responsibility>
            </gmd:pointOfContact>
            <gmd:additionalDocumentation>
                <gmd:CI_Citation>
                    <gmd:series>
                        <gmd:CI_Series>
                            <gmd:name>
                                <gco:CharacterString>Manitobans and Gambling</gco:CharacterString>
                            </gmd:name>
                        </gmd:CI_Series>
                    </gmd:series>
                    <gmd:otherCitationDetails>
                        <gco:CharacterString>&lt;p&gt;Lemaire, Jackie; MacKay, Terri-Lynn; Patton, David, 2018, "Manitoba Gambling and Problem Gambling 2006 [Canada]", &lt;a href="https://doi.org/10.5683/SP2/HPYQRW"&gt;https://doi.org/10.5683/SP2/HPYQRW&lt;/a&gt;, Scholars Portal Dataverse, V2, UNF:6:H3wbAA+Auct/Dtu428L+aQ== &lt;/p&gt;&#13;
&lt;p&gt;Liquor and Gaming Authority of Manitoba, 2018, "Liquor and Gambling in Manitoba 2013 [Canada]", &lt;a href="https://doi.org/10.5683/SP/AB5A9O"&gt;https://doi.org/10.5683/SP/AB5A9O&lt;/a&gt;, Scholars Portal Dataverse, V1, UNF:6:WmyqOI2pvG40KtI8DvWoFA== &lt;/p&gt;&#13;
&lt;p&gt;Liquor and Gaming Authority of Manitoba, 2018, "Liquor and Gambling in Manitoba 2016 [Canada]", &lt;a href="https://doi.org/10.5683/SP/2ZARY2"&gt;https://doi.org/10.5683/SP/2ZARY2&lt;/a&gt;, Scholars Portal Dataverse, V2, UNF:6:FDxR6q2zJF/Ep277VDSoCA==&lt;/p&gt;&#13;
&lt;p&gt;Patton, David; Brown, David; Dhaliwal, Jaste; Pankratz, Curt; Broszeit, Brian, 2014, "Gambling involvement and problem gambling in Manitoba 2001 [Canada]", &lt;a href="https://hdl.handle.net/10864/10728"&gt;https://hdl.handle.net/10864/10728&lt;/a&gt;, Scholars Portal Dataverse, V5 &lt;/p&gt;</gco:CharacterString>
                    </gmd:otherCitationDetails>
                </gmd:CI_Citation>
            </gmd:additionalDocumentation>
            <gmd:extent>
                <gmd:EX_extent>
                    <gmd:temporalElement>
                        <gmd:EX_TemporalExtent>
                            <gmd:description>Time Period Covered</gmd:description>
                            <gmd:extent>
                                <gmd:TimePeriod>
                                    <gmd:beginPosition>2007-01-19</gmd:beginPosition>
                                    <gmd:endPosition>2007-02-06</gmd:endPosition>
                                </gmd:TimePeriod>
                            </gmd:extent>
                            <gmd:description>Date of Collection</gmd:description>
                        </gmd:EX_TemporalExtent>
                    </gmd:temporalElement>
                </gmd:EX_extent>
            </gmd:extent>
            <gmd:extent>
                <gmd:EX_extent>
                    <gmd:description>
                        <gco:CharacterString>Canada, Manitoba</gco:CharacterString>
                    </gmd:description>
                </gmd:EX_extent>
            </gmd:extent>
            <gmd:extent>
                <gmd:EX_extent>
                    <gmd:description>
                        <gco:CharacterString>Province</gco:CharacterString>
                    </gmd:description>
                </gmd:EX_extent>
            </gmd:extent>
            <gmd:extent>
                <gmd:EX_extent>
                    <gmd:geographicElement>
                        <gmd:EX_GeographicBoundingBox>
                            <gmd:westBoundLongitude>
                                <gco:Decimal>-102.0</gco:Decimal>
                            </gmd:westBoundLongitude>
                            <gmd:eastBoundLongitude>
                                <gco:Decimal>-88.98649</gco:Decimal>
                            </gmd:eastBoundLongitude>
                            <gmd:northBoundLatitude>
                                <gco:Decimal>60.00006</gco:Decimal>
                            </gmd:northBoundLatitude>
                            <gmd:southBoundLatitude>
                                <gco:Decimal>49.0</gco:Decimal>
                            </gmd:southBoundLatitude>
                        </gmd:EX_GeographicBoundingBox>
                        <gmd:EX_GeographicBoundingBox>
                            <gmd:westBoundLongitude>
                                <gco:Decimal>-102.01</gco:Decimal>
                            </gmd:westBoundLongitude>
                            <gmd:eastBoundLongitude>
                                <gco:Decimal>-88.99</gco:Decimal>
                            </gmd:eastBoundLongitude>
                            <gmd:northBoundLatitude>
                                <gco:Decimal>60.0</gco:Decimal>
                            </gmd:northBoundLatitude>
                            <gmd:southBoundLatitude>
                                <gco:Decimal>49.0</gco:Decimal>
                            </gmd:southBoundLatitude>
                        </gmd:EX_GeographicBoundingBox>
                    </gmd:geographicElement>
                </gmd:EX_extent>
            </gmd:extent>
            <gmd:pointOfContact>
                <gmd:CI_Responsibility>
                    <gmd:party>
                        <gmd:CI_Organisation>
                            <gmd:name>
                                <gco:CharacterString>Kisquared</gco:CharacterString>
                            </gmd:name>
                        </gmd:CI_Organisation>
                    </gmd:party>
                </gmd:CI_Responsibility>
            </gmd:pointOfContact>
            <gmd:pointOfContact>
                <gmd:CI_Responsibility>
                    <gmd:CI_RoleCode>contributor</gmd:CI_RoleCode>
                </gmd:CI_Responsibility>
            </gmd:pointOfContact>
        </gmd:MD_DataIdentification>
    </gmd:identificationInfo>
    <gmd:distributionInfo>
        <gmd:MD_Distribution>
            <gmd:distributor>
                <gmd:MD_Distributor>
                    <gmd:distributorContact>
                        <gmd:CI_Responsibility>
                            <gmd:party>
                                <gmd:CI_Organisation>
                                    <gmd:name>
                                        <gco:CharacterString>Gambling Research Exchange Ontario, </gco:CharacterString>
                                    </gmd:name>
                                    <gmd:contactInfo>
                                        <gmd:CI_Citation>
                                            <gmd:onlineResource>
                                                <gmd:CI_OnlineResource>
                                                    <gmd:linkage>
                                                        <gco:CharacterString>http://www.greo.ca/</gco:CharacterString>
                                                    </gmd:linkage>
                                                </gmd:CI_OnlineResource>
                                            </gmd:onlineResource>
                                        </gmd:CI_Citation>
                                    </gmd:contactInfo>
                                    <gmd:logo>
                                        <gmd:MD_BrowseGraphic>
                                            <gmd:linkage>
                                                <gmd:CI_OnlineResource>
                                                    <gmd:linkage>
                                                        <gco:CharacterString>http://www.greo.ca/en/images/structure/logo.svg</gco:CharacterString>
                                                    </gmd:linkage>
                                                </gmd:CI_OnlineResource>
                                            </gmd:linkage>
                                        </gmd:MD_BrowseGraphic>
                                    </gmd:logo>
                                </gmd:CI_Organisation>
                            </gmd:party>
                            <gmd:role>
                                <gmd:CI_RoleCode>distributor</gmd:CI_RoleCode>
                            </gmd:role>
                        </gmd:CI_Responsibility>
                        <gmd:CI_Responsibility>
                            <gmd:party>
                                <gmd:CI_Organisation>
                                    <gmd:name>
                                        <gco:CharacterString>GREO, Evidence Centre</gco:CharacterString>
                                    </gmd:name>
                                </gmd:CI_Organisation>
                            </gmd:party>
                            <gmd:role>
                                <gmd:CI_RoleCode>originator</gmd:CI_RoleCode>
                            </gmd:role>
                        </gmd:CI_Responsibility>
                    </gmd:distributorContact>
                </gmd:MD_Distributor>
            </gmd:distributor>
        </gmd:MD_Distribution>
    </gmd:distributionInfo>
</gmd:MD_Metadata>
