<?xml version="1.0" encoding="UTF-8" standalone="no"?>
<gmd:MD_Metadata xmlns:gmd="http://www.isotc211.org/2005/gmd" xmlns:gco="http://www.isotc211.org/2005/gco" xmlns:gmx="http://www.isotc211.org/2005/gmx" xmlns:xlink="http://www.w3.org/1999/xlink" xmlns:xsi="http://www.w3.org/2001/XMLSchema-instance">
    <gmd:metadataIdentifier>
        <gmd:MD_Identifier>
            <gmd:codeSpace>
                <gco:CharacterString>71255ac5-245e-3a85-a7f7-1b047b5c29f9</gco:CharacterString>
            </gmd:codeSpace>
        </gmd:MD_Identifier>
    </gmd:metadataIdentifier>
    <gmd:parentMetadata>
        <gmd:CI_Citation>
            <gmd:title>
                <gco:CharacterString>Canada's Pulse 2009:An Ipsos Canada Survey</gco:CharacterString>
            </gmd:title>
            <gmd:identifier>
                <gmd:MD_Identifier>
                    <gmd:code>
                        <gco:CharacterString>10.5683/SP/IYYC4A</gco:CharacterString>
                    </gmd:code>
                    <gmd:code>
                        <gco:CharacterString>doi</gco:CharacterString>
                    </gmd:code>
                </gmd:MD_Identifier>
            </gmd:identifier>
            <gmd:onlineResource>
                <gmd:CI_OnlineResource>
                    <gmd:linkage>
                        <gco:CharacterString>https://doi.org/10.5683/SP/IYYC4A</gco:CharacterString>
                    </gmd:linkage>
                </gmd:CI_OnlineResource>
            </gmd:onlineResource>
            <gmd:citedResponsibilityParty>
                <gmd:CI_Responsibility>
                    <gmd:party>
                        <gmd:CI_Organisation>
                            <gmd:name>
                                <gco:CharacterString>Scholars Portal Dataverse</gco:CharacterString>
                            </gmd:name>
                        </gmd:CI_Organisation>
                    </gmd:party>
                    <gmd:role>
                        <gmd:CI_RoleCode>publisher</gmd:CI_RoleCode>
                    </gmd:role>
                </gmd:CI_Responsibility>
            </gmd:citedResponsibilityParty>
        </gmd:CI_Citation>
    </gmd:parentMetadata>
    <gmd:identificationInfo>
        <gmd:MD_DataIdentification>
            <gmd:citation>
                <gmd:CI_Citation>
                    <gmd:identifier>
                        <gmd:MD_Identifier>
                            <gmd:code>
                                <gco:CharacterString>https://doi.org/10.5683/SP/IYYC4A</gco:CharacterString>
                            </gmd:code>
                            <gmd:codeSpace>
                                <gco:CharacterString>doi</gco:CharacterString>
                            </gmd:codeSpace>
                        </gmd:MD_Identifier>
                    </gmd:identifier>
                    <gmd:date>
                        <gmd:CI_Date>
                            <gmd:date>
                                <gco:DateTime>2017-02-02</gco:DateTime>
                            </gmd:date>
                        </gmd:CI_Date>
                        <gmd:CI_Date>
                            <gmd:CI_DateTypeCode>publication</gmd:CI_DateTypeCode>
                        </gmd:CI_Date>
                    </gmd:date>
                    <gmd:title>
                        <gco:CharacterString>Canada's Pulse 2009: An Ipsos Canada Survey</gco:CharacterString>
                    </gmd:title>
                    <gmd:citeResponsibleParty>
                        <gmd:CI_Responsibility>
                            <gmd:party>
                                <gmd:CI_Individual>
                                    <gmd:name>
                                        <gco:CharacterString>Ipsos Canada</gco:CharacterString>
                                    </gmd:name>
                                </gmd:CI_Individual>
                            </gmd:party>
                        </gmd:CI_Responsibility>
                        <gmd:CI_Responsibility>
                            <gmd:role>
                                <gmd:CI_RoleCode>author</gmd:CI_RoleCode>
                            </gmd:role>
                        </gmd:CI_Responsibility>
                    </gmd:citeResponsibleParty>
                    <gmd:edition>
                        <gco:CharacterString>1:0</gco:CharacterString>
                    </gmd:edition>
                </gmd:CI_Citation>
            </gmd:citation>
            <gmd:resourceConstraints>
                <gmd:MD_LegalConstraints>
                    <gmd:otherConstraints>
                        <gco:CharacterString>NONE</gco:CharacterString>
                    </gmd:otherConstraints>
                </gmd:MD_LegalConstraints>
            </gmd:resourceConstraints>
            <gmd:supplementalInformation>
                <gco:CharacterString/>
            </gmd:supplementalInformation>
            <gmd:abstract>
                <gco:CharacterString>The Ipsos Canada’s Pulse series offer a sampling of public opinion at the municipal level in Canada’s largest urban centres. These surveys, commissioned on behalf of Global Television, query respondents on national as well as local issues and concerns. Respondents from each city within the survey are asked to answer questions particular to their municipality and province. The survey therefore reveals local and timely data on topics such as health care, commuting and traffic, elections, taxation, the economy, and culture. &#13;
&#13;
The 2009 Canada's Pulse poll is accompanied by a series of statistical tables and city-specific reports for further analysis.  This survey has a sample of 4393 Respondents.</gco:CharacterString>
            </gmd:abstract>
            <gmd:topicCategory>
                <gco:CharacterString>Social Sciences</gco:CharacterString>
            </gmd:topicCategory>
            <gmd:descriptiveKeywords>
                <gmd:MD_Keywords>
                    <gmd:keyword>
                        <gco:CharacterString>Municipal Politics</gco:CharacterString>
                    </gmd:keyword>
                    <gmd:keyword>
                        <gco:CharacterString>Canada Politics</gco:CharacterString>
                    </gmd:keyword>
                    <gmd:keyword>
                        <gco:CharacterString>2008 Recession</gco:CharacterString>
                    </gmd:keyword>
                    <gmd:keyword>
                        <gco:CharacterString>2010 Vancouver Olympics</gco:CharacterString>
                    </gmd:keyword>
                    <gmd:keyword>
                        <gco:CharacterString>Winnipeg Jets</gco:CharacterString>
                    </gmd:keyword>
                    <gmd:keyword>
                        <gco:CharacterString>Traffic Congestion</gco:CharacterString>
                    </gmd:keyword>
                    <gmd:keyword>
                        <gco:CharacterString>Health Care</gco:CharacterString>
                    </gmd:keyword>
                    <gmd:keyword>
                        <gco:CharacterString>Tax Policy</gco:CharacterString>
                    </gmd:keyword>
                    <gmd:MD_KeywordTypeCode>
                        <gmd:type>
                            <gmd:MD_KeywordTypeCode>subTopicCategory</gmd:MD_KeywordTypeCode>
                        </gmd:type>
                    </gmd:MD_KeywordTypeCode>
                </gmd:MD_Keywords>
            </gmd:descriptiveKeywords>
            <gmd:supplementalInformation>
                <gco:CharacterString>The national "Canadian" results of the Canada's Pulse series are not representative of the overall Canadian population as the poll focuses on urban centres, with the exception of Halifax and Labrador. As such, these results should not be used to generalize to a Canadian population average, but rather as a barometer of attitudes within Canadian cities. &#13;
</gco:CharacterString>
            </gmd:supplementalInformation>
            <gmd:defaultLocale>
                <gmd:PT_Locale>
                    <gmd:defaultLocale>
                        <gco:LanguageCode>English</gco:LanguageCode>
                    </gmd:defaultLocale>
                </gmd:PT_Locale>
            </gmd:defaultLocale>
            <gmd:pointOfContact>
                <gmd:CI_Responsibility>
                    <gmd:party>
                        <gmd:CI_Individual>
                            <gmd:name>
                                <gco:CharacterString>Laurier Library Research Data Services</gco:CharacterString>
                            </gmd:name>
                            <gmd:contactInfo>
                                <gmd:CI_Citation>
                                    <gmd:address>
                                        <gmd:CI_Address>
                                            <gmd:electronicMailAddress>
                                                <gco:CharacterString>researchdata@wlu.ca</gco:CharacterString>
                                            </gmd:electronicMailAddress>
                                        </gmd:CI_Address>
                                    </gmd:address>
                                </gmd:CI_Citation>
                            </gmd:contactInfo>
                        </gmd:CI_Individual>
                        <gmd:CI_Organisation>
                            <gmd:name>
                                <gco:CharacterString>Wilfrid Laurier University</gco:CharacterString>
                            </gmd:name>
                            <gmd:name>
                                <gco:CharacterString>Scholars Portal Dataverse</gco:CharacterString>
                            </gmd:name>
                        </gmd:CI_Organisation>
                    </gmd:party>
                    <gmd:role>
                        <gmd:CI_RoleCode>pointOfContact</gmd:CI_RoleCode>
                    </gmd:role>
                    <gmd:party>
                        <gmd:CI_Individual>
                            <gmd:name>
                                <gco:CharacterString>Ipsos Canada</gco:CharacterString>
                            </gmd:name>
                        </gmd:CI_Individual>
                        <gmd:role>
                            <gmd:CI_RoleCode>custodian</gmd:CI_RoleCode>
                        </gmd:role>
                    </gmd:party>
                </gmd:CI_Responsibility>
            </gmd:pointOfContact>
            <gmd:environmentDescription>
                <gco:CharacterString>SPSS</gco:CharacterString>
            </gmd:environmentDescription>
            <gmd:extent>
                <gmd:EX_extent>
                    <gmd:temporalElement>
                        <gmd:EX_TemporalExtent>
                            <gmd:description>Time Period Covered</gmd:description>
                            <gmd:extent>
                                <gmd:TimePeriod>
                                    <gmd:beginPosition>2009-08-14</gmd:beginPosition>
                                    <gmd:endPosition>2009-08-18</gmd:endPosition>
                                </gmd:TimePeriod>
                            </gmd:extent>
                            <gmd:description>Date of Collection</gmd:description>
                        </gmd:EX_TemporalExtent>
                    </gmd:temporalElement>
                </gmd:EX_extent>
            </gmd:extent>
            <gmd:extent>
                <gmd:EX_extent>
                    <gmd:description>
                        <gco:CharacterString>Canada, Alberta, Edmonton</gco:CharacterString>
                    </gmd:description>
                </gmd:EX_extent>
            </gmd:extent>
            <gmd:extent>
                <gmd:EX_extent>
                    <gmd:description>
                        <gco:CharacterString>Canada, Nova Scotia, Halifax</gco:CharacterString>
                    </gmd:description>
                </gmd:EX_extent>
            </gmd:extent>
            <gmd:extent>
                <gmd:EX_extent>
                    <gmd:description>
                        <gco:CharacterString>Canada, Saskatchewan, Regina</gco:CharacterString>
                    </gmd:description>
                </gmd:EX_extent>
            </gmd:extent>
            <gmd:extent>
                <gmd:EX_extent>
                    <gmd:description>
                        <gco:CharacterString>Canada, Quebec, Montreal</gco:CharacterString>
                    </gmd:description>
                </gmd:EX_extent>
            </gmd:extent>
            <gmd:extent>
                <gmd:EX_extent>
                    <gmd:description>
                        <gco:CharacterString>Canada, Alberta, Calgary</gco:CharacterString>
                    </gmd:description>
                </gmd:EX_extent>
            </gmd:extent>
            <gmd:extent>
                <gmd:EX_extent>
                    <gmd:description>
                        <gco:CharacterString>Canada, Ontario, Toronto</gco:CharacterString>
                    </gmd:description>
                </gmd:EX_extent>
            </gmd:extent>
            <gmd:extent>
                <gmd:EX_extent>
                    <gmd:description>
                        <gco:CharacterString>Canada, Manitoba, Winnipeg</gco:CharacterString>
                    </gmd:description>
                </gmd:EX_extent>
            </gmd:extent>
            <gmd:extent>
                <gmd:EX_extent>
                    <gmd:description>
                        <gco:CharacterString>Canada, British Columbia, Vancouver</gco:CharacterString>
                    </gmd:description>
                </gmd:EX_extent>
            </gmd:extent>
            <gmd:extent>
                <gmd:EX_extent>
                    <gmd:description>
                        <gco:CharacterString>Canada, Saskatchewan, Saskatoon</gco:CharacterString>
                    </gmd:description>
                </gmd:EX_extent>
            </gmd:extent>
            <gmd:extent>
                <gmd:EX_extent>
                    <gmd:description>
                        <gco:CharacterString>Canada, Newfoundland and Labrador</gco:CharacterString>
                    </gmd:description>
                </gmd:EX_extent>
            </gmd:extent>
            <gmd:extent>
                <gmd:EX_extent>
                    <gmd:description>
                        <gco:CharacterString>Urban/Rural</gco:CharacterString>
                    </gmd:description>
                </gmd:EX_extent>
            </gmd:extent>
            <gmd:extent>
                <gmd:EX_extent>
                    <gmd:description>
                        <gco:CharacterString>City</gco:CharacterString>
                    </gmd:description>
                </gmd:EX_extent>
            </gmd:extent>
            <gmd:extent>
                <gmd:EX_extent>
                    <gmd:description>
                        <gco:CharacterString>Province</gco:CharacterString>
                    </gmd:description>
                </gmd:EX_extent>
            </gmd:extent>
            <gmd:extent>
                <gmd:EX_extent>
                    <gmd:geographicElement>
                        <gmd:EX_GeographicBoundingBox>
                            <gmd:westBoundLongitude>
                                <gco:Decimal>-67.82169</gco:Decimal>
                            </gmd:westBoundLongitude>
                            <gmd:eastBoundLongitude>
                                <gco:Decimal>-52.61941</gco:Decimal>
                            </gmd:eastBoundLongitude>
                            <gmd:northBoundLatitude>
                                <gco:Decimal>60.37774</gco:Decimal>
                            </gmd:northBoundLatitude>
                            <gmd:southBoundLatitude>
                                <gco:Decimal>46.61109</gco:Decimal>
                            </gmd:southBoundLatitude>
                        </gmd:EX_GeographicBoundingBox>
                    </gmd:geographicElement>
                </gmd:EX_extent>
            </gmd:extent>
            <gmd:pointOfContact>
                <gmd:CI_Responsibility>
                    <gmd:party>
                        <gmd:CI_Organisation>
                            <gmd:name>
                                <gco:CharacterString>Ipsos Canada</gco:CharacterString>
                            </gmd:name>
                        </gmd:CI_Organisation>
                    </gmd:party>
                </gmd:CI_Responsibility>
            </gmd:pointOfContact>
            <gmd:pointOfContact>
                <gmd:CI_Responsibility>
                    <gmd:CI_RoleCode>contributor</gmd:CI_RoleCode>
                </gmd:CI_Responsibility>
            </gmd:pointOfContact>
        </gmd:MD_DataIdentification>
    </gmd:identificationInfo>
    <gmd:distributionInfo>
        <gmd:MD_Distribution>
            <gmd:distributor>
                <gmd:MD_Distributor>
                    <gmd:distributorContact>
                        <gmd:CI_Responsibility>
                            <gmd:party>
                                <gmd:CI_Organisation>
                                    <gmd:name>
                                        <gco:CharacterString>Wilfrid Laurier University Library, </gco:CharacterString>
                                    </gmd:name>
                                    <gmd:contactInfo>
                                        <gmd:CI_Citation>
                                            <gmd:onlineResource>
                                                <gmd:CI_OnlineResource>
                                                    <gmd:linkage>
                                                        <gco:CharacterString>http://library.wlu.ca</gco:CharacterString>
                                                    </gmd:linkage>
                                                </gmd:CI_OnlineResource>
                                            </gmd:onlineResource>
                                        </gmd:CI_Citation>
                                    </gmd:contactInfo>
                                </gmd:CI_Organisation>
                            </gmd:party>
                            <gmd:role>
                                <gmd:CI_RoleCode>distributor</gmd:CI_RoleCode>
                            </gmd:role>
                        </gmd:CI_Responsibility>
                        <gmd:CI_Responsibility>
                            <gmd:party>
                                <gmd:CI_Organisation>
                                    <gmd:name>
                                        <gco:CharacterString>Laurier Library Research Data Services</gco:CharacterString>
                                    </gmd:name>
                                </gmd:CI_Organisation>
                            </gmd:party>
                            <gmd:role>
                                <gmd:CI_RoleCode>originator</gmd:CI_RoleCode>
                            </gmd:role>
                        </gmd:CI_Responsibility>
                    </gmd:distributorContact>
                </gmd:MD_Distributor>
            </gmd:distributor>
        </gmd:MD_Distribution>
    </gmd:distributionInfo>
</gmd:MD_Metadata>
