<?xml version="1.0" encoding="UTF-8" standalone="no"?>
<gmd:MD_Metadata xmlns:gmd="http://www.isotc211.org/2005/gmd" xmlns:gco="http://www.isotc211.org/2005/gco" xmlns:gmx="http://www.isotc211.org/2005/gmx" xmlns:xlink="http://www.w3.org/1999/xlink" xmlns:xsi="http://www.w3.org/2001/XMLSchema-instance">
    <gmd:metadataIdentifier>
        <gmd:MD_Identifier>
            <gmd:codeSpace>
                <gco:CharacterString>bfef5915-1349-38cb-984c-813302dcea5f</gco:CharacterString>
            </gmd:codeSpace>
        </gmd:MD_Identifier>
    </gmd:metadataIdentifier>
    <gmd:parentMetadata>
        <gmd:CI_Citation>
            <gmd:title>
                <gco:CharacterString>COVID19 Ontario Case Count Summary File:</gco:CharacterString>
            </gmd:title>
            <gmd:identifier>
                <gmd:MD_Identifier>
                    <gmd:code>
                        <gco:CharacterString>10.5683/SP2/AWHPEN</gco:CharacterString>
                    </gmd:code>
                    <gmd:code>
                        <gco:CharacterString>doi</gco:CharacterString>
                    </gmd:code>
                </gmd:MD_Identifier>
            </gmd:identifier>
            <gmd:onlineResource>
                <gmd:CI_OnlineResource>
                    <gmd:linkage>
                        <gco:CharacterString>https://doi.org/10.5683/SP2/AWHPEN</gco:CharacterString>
                    </gmd:linkage>
                </gmd:CI_OnlineResource>
            </gmd:onlineResource>
            <gmd:citedResponsibilityParty>
                <gmd:CI_Responsibility>
                    <gmd:party>
                        <gmd:CI_Organisation>
                            <gmd:name>
                                <gco:CharacterString>Scholars Portal Dataverse</gco:CharacterString>
                            </gmd:name>
                        </gmd:CI_Organisation>
                    </gmd:party>
                    <gmd:role>
                        <gmd:CI_RoleCode>publisher</gmd:CI_RoleCode>
                    </gmd:role>
                </gmd:CI_Responsibility>
            </gmd:citedResponsibilityParty>
        </gmd:CI_Citation>
    </gmd:parentMetadata>
    <gmd:identificationInfo>
        <gmd:MD_DataIdentification>
            <gmd:citation>
                <gmd:CI_Citation>
                    <gmd:identifier>
                        <gmd:MD_Identifier>
                            <gmd:code>
                                <gco:CharacterString>https://doi.org/10.5683/SP2/AWHPEN</gco:CharacterString>
                            </gmd:code>
                            <gmd:codeSpace>
                                <gco:CharacterString>doi</gco:CharacterString>
                            </gmd:codeSpace>
                        </gmd:MD_Identifier>
                    </gmd:identifier>
                    <gmd:date>
                        <gmd:CI_Date>
                            <gmd:date>
                                <gco:DateTime>2020-03-17</gco:DateTime>
                            </gmd:date>
                        </gmd:CI_Date>
                        <gmd:CI_Date>
                            <gmd:CI_DateTypeCode>publication</gmd:CI_DateTypeCode>
                        </gmd:CI_Date>
                    </gmd:date>
                    <gmd:title>
                        <gco:CharacterString>COVID19 Ontario Case Count Summary File</gco:CharacterString>
                    </gmd:title>
                    <gmd:citeResponsibleParty>
                        <gmd:CI_Responsibility>
                            <gmd:party>
                                <gmd:CI_Individual>
                                    <gmd:name>
                                        <gco:CharacterString>Steeleworthy, Michael</gco:CharacterString>
                                    </gmd:name>
                                    <gmd:partyIdentifier>
                                        <gmd:MD_Identifier>
                                            <gmd:codeSpace>
                                                <gco:CharacterString>ORCID</gco:CharacterString>
                                            </gmd:codeSpace>
                                            <gmd:code>
                                                <gco:CharacterString>0000-0003-4759-5403</gco:CharacterString>
                                            </gmd:code>
                                        </gmd:MD_Identifier>
                                    </gmd:partyIdentifier>
                                </gmd:CI_Individual>
                            </gmd:party>
                            <gmd:party>
                                <gmd:CI_Organisation>
                                    <gmd:name>
                                        <gco:CharacterString>Wilfrid Laurier University</gco:CharacterString>
                                    </gmd:name>
                                </gmd:CI_Organisation>
                            </gmd:party>
                        </gmd:CI_Responsibility>
                        <gmd:CI_Responsibility>
                            <gmd:role>
                                <gmd:CI_RoleCode>author</gmd:CI_RoleCode>
                            </gmd:role>
                        </gmd:CI_Responsibility>
                    </gmd:citeResponsibleParty>
                    <gmd:edition>
                        <gco:CharacterString>3:0</gco:CharacterString>
                    </gmd:edition>
                </gmd:CI_Citation>
            </gmd:citation>
            <gmd:resourceConstraints>
                <gmd:MD_LegalConstraints>
                    <gmd:otherConstraints>
                        <gco:CharacterString>NONE</gco:CharacterString>
                    </gmd:otherConstraints>
                </gmd:MD_LegalConstraints>
            </gmd:resourceConstraints>
            <gmd:supplementalInformation>
                <gco:CharacterString/>
            </gmd:supplementalInformation>
            <gmd:abstract>
                <gco:CharacterString>Through 2020, the Government of Ontario has been posting near-daily COVID19 status reports at https://www.ontario.ca/page/2019-novel-coronavirus.  These reports are usually updated at 10:30am and 5:30am ET. Unfortunately, the reports as presented are of-the-moment snapshots and provide no historic context for time-based analysis.&lt;br&gt; &lt;br&gt;&#13;
&#13;
Using the Internet Archive's Wayback Machine (https://web.archive.org/), this data has been indexed for improved time-based analysis by researchers, journalists, and the public. Reporting begins February 15 and continues to March 19; gaps exist due to the intermittent nature of WBM scraping, especially in February and Early March.   &lt;br&gt;&lt;br&gt;&#13;
&#13;
Summary versioning changes are included in the Notes field below and in the Version tab of the record.  A complete change log is included in the spreadsheet.</gco:CharacterString>
            </gmd:abstract>
            <gmd:topicCategory>
                <gco:CharacterString>Social Sciences</gco:CharacterString>
            </gmd:topicCategory>
            <gmd:descriptiveKeywords>
                <gmd:MD_Keywords>
                    <gmd:keyword>
                        <gco:CharacterString>COVID-19</gco:CharacterString>
                    </gmd:keyword>
                    <gmd:keyword>
                        <gco:CharacterString>COVID19</gco:CharacterString>
                    </gmd:keyword>
                    <gmd:keyword>
                        <gco:CharacterString>Public Health</gco:CharacterString>
                    </gmd:keyword>
                    <gmd:keyword>
                        <gco:CharacterString>Coronavirus infections</gco:CharacterString>
                    </gmd:keyword>
                    <gmd:thesaurusName>
                        <gmd:CI_Citation>
                            <gmd:title>
                                <gco:CharacterString>LCSH</gco:CharacterString>
                            </gmd:title>
                            <gmd:onlineResource>
                                <gco:CharacterString>http://id.loc.gov/authorities/subjects</gco:CharacterString>
                            </gmd:onlineResource>
                        </gmd:CI_Citation>
                    </gmd:thesaurusName>
                    <gmd:MD_KeywordTypeCode>
                        <gmd:type>
                            <gmd:MD_KeywordTypeCode>subTopicCategory</gmd:MD_KeywordTypeCode>
                        </gmd:type>
                    </gmd:MD_KeywordTypeCode>
                </gmd:MD_Keywords>
            </gmd:descriptiveKeywords>
            <gmd:supplementalInformation>
                <gco:CharacterString>Version Updates:&lt;br&gt;&#13;
1.0 - 20200317 - Initial upload; Data from 2020-02-15 to 2020-03-17&lt;br&gt;&#13;
2.0 - 20200318 - New Ingest. Data from 2020-02-15 to 2020-03-18; "Deceased" now counted in Status Cases report; refinements to Dataverse metadata&lt;br&gt;&#13;
3.0 - 20200319 - New Ingest. Includes data to 2020-03-19 10:30 AM EDT update. &lt;br&gt;&lt;br&gt;&#13;
&#13;
NOTES ON BROWSING:&lt;br&gt;&#13;
Click on the "Tree" to view the folder hierarchy&lt;br&gt;&lt;br&gt;&#13;
&#13;
NOTES ON DOWNLOADING:&lt;br&gt;&#13;
Download &lt;i&gt;covid19-ontario.tab&lt;/i&gt; to get the dataset.&lt;br&gt;Download the file &lt;i&gt;covid19-ontario-archive.zip&lt;/i&gt; to get the entire archive in one package.</gco:CharacterString>
            </gmd:supplementalInformation>
            <gmd:defaultLocale>
                <gmd:PT_Locale>
                    <gmd:defaultLocale>
                        <gco:LanguageCode>English</gco:LanguageCode>
                    </gmd:defaultLocale>
                </gmd:PT_Locale>
            </gmd:defaultLocale>
            <gmd:pointOfContact>
                <gmd:CI_Responsibility>
                    <gmd:party>
                        <gmd:CI_Individual>
                            <gmd:name>
                                <gco:CharacterString>Steeleworthy, Michael</gco:CharacterString>
                            </gmd:name>
                            <gmd:contactInfo>
                                <gmd:CI_Citation>
                                    <gmd:address>
                                        <gmd:CI_Address>
                                            <gmd:electronicMailAddress>
                                                <gco:CharacterString>researchdata@wlu.ca</gco:CharacterString>
                                            </gmd:electronicMailAddress>
                                        </gmd:CI_Address>
                                    </gmd:address>
                                </gmd:CI_Citation>
                            </gmd:contactInfo>
                        </gmd:CI_Individual>
                        <gmd:CI_Organisation>
                            <gmd:name>
                                <gco:CharacterString>Wilfrid Laurier University</gco:CharacterString>
                            </gmd:name>
                            <gmd:name>
                                <gco:CharacterString>Scholars Portal Dataverse</gco:CharacterString>
                            </gmd:name>
                        </gmd:CI_Organisation>
                    </gmd:party>
                    <gmd:role>
                        <gmd:CI_RoleCode>pointOfContact</gmd:CI_RoleCode>
                    </gmd:role>
                    <gmd:party>
                        <gmd:CI_Individual>
                            <gmd:name>
                                <gco:CharacterString>Steeleworthy, Michael</gco:CharacterString>
                            </gmd:name>
                        </gmd:CI_Individual>
                        <gmd:CI_Organisation>
                            <gmd:name>
                                <gco:CharacterString>Wilfrid Laurier University</gco:CharacterString>
                            </gmd:name>
                        </gmd:CI_Organisation>
                        <gmd:role>
                            <gmd:CI_RoleCode>custodian</gmd:CI_RoleCode>
                        </gmd:role>
                    </gmd:party>
                </gmd:CI_Responsibility>
            </gmd:pointOfContact>
            <gmd:extent>
                <gmd:EX_extent>
                    <gmd:temporalElement>
                        <gmd:EX_TemporalExtent>
                            <gmd:extent>
                                <gmd:TimePeriod>
                                    <gmd:beginPosition>2020-02-15</gmd:beginPosition>
                                    <gmd:endPosition>2020-03-19</gmd:endPosition>
                                </gmd:TimePeriod>
                            </gmd:extent>
                            <gmd:description>Time Period Covered</gmd:description>
                            <gmd:extent>
                                <gmd:TimePeriod>
                                    <gmd:beginPosition>2020-03-10</gmd:beginPosition>
                                    <gmd:endPosition>2020-03-19</gmd:endPosition>
                                </gmd:TimePeriod>
                            </gmd:extent>
                            <gmd:description>Date of Collection</gmd:description>
                        </gmd:EX_TemporalExtent>
                    </gmd:temporalElement>
                </gmd:EX_extent>
            </gmd:extent>
            <gmd:extent>
                <gmd:EX_extent>
                    <gmd:description>
                        <gco:CharacterString>Canada, Ontario</gco:CharacterString>
                    </gmd:description>
                </gmd:EX_extent>
            </gmd:extent>
            <gmd:extent>
                <gmd:EX_extent>
                    <gmd:description>
                        <gco:CharacterString>Province</gco:CharacterString>
                    </gmd:description>
                </gmd:EX_extent>
            </gmd:extent>
            <gmd:extent>
                <gmd:EX_extent>
                    <gmd:geographicElement>
                        <gmd:EX_GeographicBoundingBox>
                            <gmd:westBoundLongitude>
                                <gco:Decimal>-95.15483</gco:Decimal>
                            </gmd:westBoundLongitude>
                            <gmd:eastBoundLongitude>
                                <gco:Decimal>-74.34403</gco:Decimal>
                            </gmd:eastBoundLongitude>
                            <gmd:northBoundLatitude>
                                <gco:Decimal>56.85904</gco:Decimal>
                            </gmd:northBoundLatitude>
                            <gmd:southBoundLatitude>
                                <gco:Decimal>41.68144</gco:Decimal>
                            </gmd:southBoundLatitude>
                        </gmd:EX_GeographicBoundingBox>
                    </gmd:geographicElement>
                </gmd:EX_extent>
            </gmd:extent>
        </gmd:MD_DataIdentification>
    </gmd:identificationInfo>
    <gmd:dataQualityInfo>
        <gmd:DQ_DataQuality>
            <gmd:scope>
                <gmd:resourceLineage>
                    <gmd:LI_Lineage>
                        <gmd:statement>
                            <gco:CharacterString>Government of Ontario COVID19 data, scraped by the Internet Archive's Wayback Machine</gco:CharacterString>
                        </gmd:statement>
                        <gmd:processStep>
                            <gmd:LI_ProcessStep>
                                <gmd:description>
                                    <gco:CharacterString>All data harvested by the Internet Archive's Wayback Machine from the Government of Ontario Page: https://www.ontario.ca/page/2019-novel-coronavirus</gco:CharacterString>
                                </gmd:description>
                            </gmd:LI_ProcessStep>
                        </gmd:processStep>
                    </gmd:LI_Lineage>
                </gmd:resourceLineage>
            </gmd:scope>
        </gmd:DQ_DataQuality>
    </gmd:dataQualityInfo>
    <gmd:distributionInfo>
        <gmd:MD_Distribution>
            <gmd:distributor>
                <gmd:MD_Distributor>
                    <gmd:distributorContact>
                        <gmd:CI_Responsibility>
                            <gmd:party>
                                <gmd:CI_Organisation>
                                    <gmd:name>
                                        <gco:CharacterString>Laurier Library Research Data Services, </gco:CharacterString>
                                    </gmd:name>
                                    <gmd:contactInfo>
                                        <gmd:CI_Citation>
                                            <gmd:onlineResource>
                                                <gmd:CI_OnlineResource>
                                                    <gmd:linkage>
                                                        <gco:CharacterString>https://library.wlu.ca</gco:CharacterString>
                                                    </gmd:linkage>
                                                </gmd:CI_OnlineResource>
                                            </gmd:onlineResource>
                                        </gmd:CI_Citation>
                                    </gmd:contactInfo>
                                </gmd:CI_Organisation>
                            </gmd:party>
                            <gmd:role>
                                <gmd:CI_RoleCode>distributor</gmd:CI_RoleCode>
                            </gmd:role>
                        </gmd:CI_Responsibility>
                        <gmd:CI_Responsibility>
                            <gmd:party>
                                <gmd:CI_Organisation>
                                    <gmd:name>
                                        <gco:CharacterString>Steeleworthy, Michael</gco:CharacterString>
                                    </gmd:name>
                                </gmd:CI_Organisation>
                            </gmd:party>
                            <gmd:role>
                                <gmd:CI_RoleCode>originator</gmd:CI_RoleCode>
                            </gmd:role>
                        </gmd:CI_Responsibility>
                    </gmd:distributorContact>
                </gmd:MD_Distributor>
            </gmd:distributor>
        </gmd:MD_Distribution>
    </gmd:distributionInfo>
</gmd:MD_Metadata>
